binder_resnum,binder_aa,binder_class,target_resnum,target_aa,target_class,interaction_type,min_distance,binder_atom,target_atom,atom_contact_type,rank,condition_id,hotspot_config
5,R,positive,46,K,positive,hydrogen_bond,3.5,NH2,CA,SC-BB,1,len70_clusterA_noise05,clusterA
5,R,positive,47,Q,polar,hydrogen_bond,2.74,NH1,N,SC-BB,1,len70_clusterA_noise05,clusterA
5,R,positive,48,L,hydrophobic,mixed,4.32,NH1,N,SC-BB,1,len70_clusterA_noise05,clusterA
9,L,hydrophobic,119,G,other,mixed,3.33,CD2,CA,SC-BB,1,len70_clusterA_noise05,clusterA
9,L,hydrophobic,52,A,hydrophobic,hydrophobic,4.11,CD1,CA,SC-BB,1,len70_clusterA_noise05,clusterA
9,L,hydrophobic,118,Y,aromatic,hydrophobic,3.39,CD2,C,SC-BB,1,len70_clusterA_noise05,clusterA
12,R,positive,119,G,other,mixed,3.55,CB,C,SC-BB,1,len70_clusterA_noise05,clusterA
12,R,positive,120,G,other,mixed,4.49,CB,N,SC-BB,1,len70_clusterA_noise05,clusterA
13,A,hydrophobic,119,G,other,mixed,3.8,N,C,BB-BB,1,len70_clusterA_noise05,clusterA
13,A,hydrophobic,120,G,other,mixed,4.44,CA,CA,BB-BB,1,len70_clusterA_noise05,clusterA
16,Q,polar,121,A,hydrophobic,mixed,2.8,OE1,N,SC-BB,1,len70_clusterA_noise05,clusterA
16,Q,polar,120,G,other,mixed,2.61,OE1,CA,SC-BB,1,len70_clusterA_noise05,clusterA
16,Q,polar,119,G,other,mixed,3.14,OE1,O,SC-BB,1,len70_clusterA_noise05,clusterA
16,Q,polar,19,F,aromatic,mixed,3.88,NE2,N,SC-BB,1,len70_clusterA_noise05,clusterA
13,T,polar,120,G,other,mixed,3.85,CG2,CA,SC-BB,2,len70_distributed_noise0,distributed
13,T,polar,119,G,other,mixed,4.15,OG1,C,SC-BB,2,len70_distributed_noise0,distributed
16,A,hydrophobic,121,A,hydrophobic,hydrophobic,3.72,O,O,BB-BB,2,len70_distributed_noise0,distributed
16,A,hydrophobic,120,G,other,mixed,4.42,CB,CA,SC-BB,2,len70_distributed_noise0,distributed
20,A,hydrophobic,122,D,negative,mixed,3.86,CB,CA,SC-BB,2,len70_distributed_noise0,distributed
20,A,hydrophobic,121,A,hydrophobic,hydrophobic,3.86,CB,O,SC-BB,2,len70_distributed_noise0,distributed
24,E,negative,123,Y,aromatic,mixed,2.98,OE2,O,SC-BB,2,len70_distributed_noise0,distributed
24,E,negative,124,K,positive,salt_bridge,3.71,OE2,N,SC-BB,2,len70_distributed_noise0,distributed
41,T,polar,60,E,negative,hydrogen_bond,4.36,CG2,CA,SC-BB,2,len70_distributed_noise0,distributed
45,M,hydrophobic,60,E,negative,mixed,3.93,CG,N,SC-BB,2,len70_distributed_noise0,distributed
45,M,hydrophobic,61,D,negative,mixed,4.0,CG,N,SC-BB,2,len70_distributed_noise0,distributed
45,M,hydrophobic,111,V,hydrophobic,hydrophobic,4.01,CE,O,SC-BB,2,len70_distributed_noise0,distributed
45,M,hydrophobic,112,Y,aromatic,hydrophobic,4.35,CE,C,SC-BB,2,len70_distributed_noise0,distributed
45,M,hydrophobic,113,R,positive,mixed,4.29,CE,N,SC-BB,2,len70_distributed_noise0,distributed
48,R,positive,61,D,negative,salt_bridge,2.75,NH1,C,SC-BB,2,len70_distributed_noise0,distributed
48,R,positive,62,K,positive,hydrogen_bond,1.43,NH1,O,SC-BB,2,len70_distributed_noise0,distributed
48,R,positive,63,N,polar,hydrogen_bond,2.88,NH1,N,SC-BB,2,len70_distributed_noise0,distributed
48,R,positive,59,M,hydrophobic,mixed,2.34,NH2,N,SC-BB,2,len70_distributed_noise0,distributed
48,R,positive,58,E,negative,salt_bridge,2.06,NH2,CA,SC-BB,2,len70_distributed_noise0,distributed
48,R,positive,60,E,negative,salt_bridge,4.33,NH2,N,SC-BB,2,len70_distributed_noise0,distributed
48,R,positive,57,W,aromatic,cation_pi,4.33,NH2,C,SC-BB,2,len70_distributed_noise0,distributed
63,Q,polar,51,A,hydrophobic,mixed,4.05,OE1,O,SC-BB,2,len70_distributed_noise0,distributed
1,S,polar,61,D,negative,hydrogen_bond,3.72,N,O,BB-BB,3,len25_clusterA_noise0,clusterA
2,K,positive,61,D,negative,salt_bridge,4.48,N,O,BB-BB,3,len25_clusterA_noise0,clusterA
4,T,polar,76,V,hydrophobic,mixed,4.29,CG2,O,SC-BB,3,len25_clusterA_noise0,clusterA
5,S,polar,61,D,negative,hydrogen_bond,3.29,OG,O,SC-BB,3,len25_clusterA_noise0,clusterA
12,A,hydrophobic,120,G,other,mixed,4.01,O,O,BB-BB,3,len25_clusterA_noise0,clusterA
12,A,hydrophobic,117,S,polar,mixed,4.2,O,CA,BB-BB,3,len25_clusterA_noise0,clusterA
16,G,other,120,G,other,mixed,2.8,CA,CA,BB-BB,3,len25_clusterA_noise0,clusterA
16,G,other,121,A,hydrophobic,mixed,4.07,CA,N,BB-BB,3,len25_clusterA_noise0,clusterA
16,G,other,119,G,other,mixed,3.39,O,C,BB-BB,3,len25_clusterA_noise0,clusterA
17,A,hydrophobic,120,G,other,mixed,4.16,N,CA,BB-BB,3,len25_clusterA_noise0,clusterA
19,A,hydrophobic,119,G,other,mixed,3.2,CB,CA,SC-BB,3,len25_clusterA_noise0,clusterA
19,A,hydrophobic,118,Y,aromatic,hydrophobic,4.2,CB,C,SC-BB,3,len25_clusterA_noise0,clusterA
20,A,hydrophobic,119,G,other,mixed,3.89,N,CA,BB-BB,3,len25_clusterA_noise0,clusterA
8,T,polar,51,A,hydrophobic,mixed,3.32,CG2,O,SC-BB,4,len70_clusterB_noise0,clusterB
8,T,polar,52,A,hydrophobic,mixed,4.45,CG2,N,SC-BB,4,len70_clusterB_noise0,clusterB
12,V,hydrophobic,51,A,hydrophobic,hydrophobic,3.51,CG2,O,SC-BB,4,len70_clusterB_noise0,clusterB
19,F,aromatic,56,Y,aromatic,aromatic_stacking,3.68,CE1,CA,SC-BB,4,len70_clusterB_noise0,clusterB
19,F,aromatic,65,I,hydrophobic,hydrophobic,4.23,CZ,O,SC-BB,4,len70_clusterB_noise0,clusterB
23,R,positive,61,D,negative,salt_bridge,3.49,NE,O,SC-BB,4,len70_clusterB_noise0,clusterB
23,R,positive,62,K,positive,hydrogen_bond,4.19,NH2,C,SC-BB,4,len70_clusterB_noise0,clusterB
23,R,positive,63,N,polar,hydrogen_bond,3.09,NH2,N,SC-BB,4,len70_clusterB_noise0,clusterB
23,R,positive,76,V,hydrophobic,mixed,3.47,NH1,O,SC-BB,4,len70_clusterB_noise0,clusterB
26,S,polar,61,D,negative,hydrogen_bond,4.19,OG,N,SC-BB,4,len70_clusterB_noise0,clusterB
27,K,positive,61,D,negative,salt_bridge,2.07,CE,O,SC-BB,4,len70_clusterB_noise0,clusterB
27,K,positive,62,K,positive,hydrogen_bond,4.07,CE,N,SC-BB,4,len70_clusterB_noise0,clusterB
30,V,hydrophobic,60,E,negative,mixed,4.09,CG2,CA,SC-BB,4,len70_clusterB_noise0,clusterB
57,A,hydrophobic,121,A,hydrophobic,hydrophobic,3.52,O,O,BB-BB,4,len70_clusterB_noise0,clusterB
57,A,hydrophobic,122,D,negative,mixed,4.11,CB,CA,SC-BB,4,len70_clusterB_noise0,clusterB
61,S,polar,121,A,hydrophobic,mixed,1.79,OG,N,SC-BB,4,len70_clusterB_noise0,clusterB
61,S,polar,120,G,other,mixed,3.24,OG,C,SC-BB,4,len70_clusterB_noise0,clusterB
61,S,polar,122,D,negative,hydrogen_bond,3.88,OG,N,SC-BB,4,len70_clusterB_noise0,clusterB
64,I,hydrophobic,120,G,other,mixed,3.85,CG2,CA,SC-BB,4,len70_clusterB_noise0,clusterB
64,I,hydrophobic,119,G,other,mixed,3.75,CG2,CA,SC-BB,4,len70_clusterB_noise0,clusterB
68,R,positive,119,G,other,mixed,2.43,NH1,CA,SC-BB,4,len70_clusterB_noise0,clusterB
68,R,positive,120,G,other,mixed,4.45,NH1,N,SC-BB,4,len70_clusterB_noise0,clusterB
68,R,positive,118,Y,aromatic,cation_pi,3.54,NH1,C,SC-BB,4,len70_clusterB_noise0,clusterB
68,R,positive,52,A,hydrophobic,mixed,3.94,NH2,CA,SC-BB,4,len70_clusterB_noise0,clusterB
5,L,hydrophobic,123,Y,aromatic,hydrophobic,4.34,CD2,O,SC-BB,5,len70_clusterA_noise0,clusterA
5,L,hydrophobic,124,K,positive,mixed,4.46,CD2,N,SC-BB,5,len70_clusterA_noise0,clusterA
11,R,positive,61,D,negative,salt_bridge,4.36,NH1,CA,SC-BB,5,len70_clusterA_noise0,clusterA
58,V,hydrophobic,120,G,other,mixed,4.02,O,CA,BB-BB,5,len70_clusterA_noise0,clusterA
58,V,hydrophobic,121,A,hydrophobic,hydrophobic,3.51,CG2,O,SC-BB,5,len70_clusterA_noise0,clusterA
61,V,hydrophobic,120,G,other,mixed,2.92,CG1,O,SC-BB,5,len70_clusterA_noise0,clusterA
61,V,hydrophobic,121,A,hydrophobic,hydrophobic,3.76,CG1,N,SC-BB,5,len70_clusterA_noise0,clusterA
61,V,hydrophobic,117,S,polar,mixed,4.17,CG1,CA,SC-BB,5,len70_clusterA_noise0,clusterA
61,V,hydrophobic,118,Y,aromatic,hydrophobic,4.4,CG1,N,SC-BB,5,len70_clusterA_noise0,clusterA
62,A,hydrophobic,120,G,other,mixed,3.85,N,CA,BB-BB,5,len70_clusterA_noise0,clusterA
62,A,hydrophobic,119,G,other,mixed,3.82,CB,C,SC-BB,5,len70_clusterA_noise0,clusterA
65,C,polar,52,A,hydrophobic,mixed,2.96,SG,O,SC-BB,5,len70_clusterA_noise0,clusterA
65,C,polar,119,G,other,mixed,3.42,SG,N,SC-BB,5,len70_clusterA_noise0,clusterA
65,C,polar,118,Y,aromatic,mixed,3.74,SG,CA,SC-BB,5,len70_clusterA_noise0,clusterA
65,C,polar,117,S,polar,hydrogen_bond,4.34,SG,C,SC-BB,5,len70_clusterA_noise0,clusterA
68,A,hydrophobic,51,A,hydrophobic,hydrophobic,3.25,CB,O,SC-BB,5,len70_clusterA_noise0,clusterA
69,S,polar,52,A,hydrophobic,mixed,4.15,OG,CA,SC-BB,5,len70_clusterA_noise0,clusterA
69,S,polar,51,A,hydrophobic,mixed,4.44,OG,C,SC-BB,5,len70_clusterA_noise0,clusterA
24,K,positive,115,M,hydrophobic,mixed,3.94,NZ,CA,SC-BB,6,len70_distributed_noise0,distributed
46,T,polar,120,G,other,mixed,3.92,CG2,O,SC-BB,6,len70_distributed_noise0,distributed
49,A,hydrophobic,121,A,hydrophobic,hydrophobic,3.25,CB,N,SC-BB,6,len70_distributed_noise0,distributed
49,A,hydrophobic,120,G,other,mixed,4.47,CB,C,SC-BB,6,len70_distributed_noise0,distributed
6,R,positive,51,A,hydrophobic,mixed,3.07,CD,O,SC-BB,7,len70_clusterB_noise0,clusterB
6,R,positive,52,A,hydrophobic,mixed,4.31,CD,N,SC-BB,7,len70_clusterB_noise0,clusterB
17,F,aromatic,115,M,hydrophobic,hydrophobic,3.63,CE1,CA,SC-BB,7,len70_clusterB_noise0,clusterB
17,F,aromatic,116,I,hydrophobic,hydrophobic,4.35,CZ,N,SC-BB,7,len70_clusterB_noise0,clusterB
21,A,hydrophobic,61,D,negative,mixed,3.95,O,CA,BB-BB,7,len70_clusterB_noise0,clusterB
28,E,negative,60,E,negative,hydrogen_bond,3.73,OE1,CA,SC-BB,7,len70_clusterB_noise0,clusterB
53,A,hydrophobic,121,A,hydrophobic,hydrophobic,3.95,O,O,BB-BB,7,len70_clusterB_noise0,clusterB
53,A,hydrophobic,122,D,negative,mixed,4.47,CB,CA,SC-BB,7,len70_clusterB_noise0,clusterB
57,A,hydrophobic,121,A,hydrophobic,hydrophobic,3.37,CB,N,SC-BB,7,len70_clusterB_noise0,clusterB
57,A,hydrophobic,120,G,other,mixed,3.84,CA,CA,BB-BB,7,len70_clusterB_noise0,clusterB
60,V,hydrophobic,120,G,other,mixed,3.84,CG1,CA,SC-BB,7,len70_clusterB_noise0,clusterB
60,V,hydrophobic,119,G,other,mixed,3.47,CG1,N,SC-BB,7,len70_clusterB_noise0,clusterB
1,G,other,61,D,negative,mixed,4.3,CA,O,BB-BB,8,len100_clusterA_noise0,clusterA
2,L,hydrophobic,61,D,negative,mixed,3.98,CG,O,SC-BB,8,len100_clusterA_noise0,clusterA
53,V,hydrophobic,121,A,hydrophobic,hydrophobic,3.29,CG1,O,SC-BB,8,len100_clusterA_noise0,clusterA
57,Q,polar,120,G,other,mixed,3.45,CG,CA,SC-BB,8,len100_clusterA_noise0,clusterA
57,Q,polar,119,G,other,mixed,3.65,CG,O,SC-BB,8,len100_clusterA_noise0,clusterA
57,Q,polar,121,A,hydrophobic,mixed,2.24,NE2,O,SC-BB,8,len100_clusterA_noise0,clusterA
57,Q,polar,19,F,aromatic,mixed,3.05,NE2,O,SC-BB,8,len100_clusterA_noise0,clusterA
57,Q,polar,122,D,negative,hydrogen_bond,4.42,NE2,N,SC-BB,8,len100_clusterA_noise0,clusterA
60,A,hydrophobic,119,G,other,mixed,2.77,CB,CA,SC-BB,8,len100_clusterA_noise0,clusterA
60,A,hydrophobic,120,G,other,mixed,3.62,CB,N,SC-BB,8,len100_clusterA_noise0,clusterA
64,R,positive,118,Y,aromatic,cation_pi,4.02,NH2,O,SC-BB,8,len100_clusterA_noise0,clusterA
64,R,positive,119,G,other,mixed,4.14,NH2,CA,SC-BB,8,len100_clusterA_noise0,clusterA
81,I,hydrophobic,119,G,other,mixed,4.29,CG2,N,SC-BB,8,len100_clusterA_noise0,clusterA
81,I,hydrophobic,52,A,hydrophobic,hydrophobic,4.26,CG2,CA,SC-BB,8,len100_clusterA_noise0,clusterA
82,G,other,52,A,hydrophobic,mixed,4.13,CA,CA,BB-BB,8,len100_clusterA_noise0,clusterA
82,G,other,51,A,hydrophobic,mixed,3.97,CA,O,BB-BB,8,len100_clusterA_noise0,clusterA
85,S,polar,120,G,other,mixed,4.32,OG,CA,SC-BB,8,len100_clusterA_noise0,clusterA
85,S,polar,117,S,polar,hydrogen_bond,3.73,OG,C,SC-BB,8,len100_clusterA_noise0,clusterA
85,S,polar,118,Y,aromatic,mixed,3.42,OG,N,SC-BB,8,len100_clusterA_noise0,clusterA
85,S,polar,52,A,hydrophobic,mixed,3.34,OG,O,SC-BB,8,len100_clusterA_noise0,clusterA
85,S,polar,119,G,other,mixed,3.24,OG,N,SC-BB,8,len100_clusterA_noise0,clusterA
92,L,hydrophobic,123,Y,aromatic,hydrophobic,3.57,CD2,N,SC-BB,8,len100_clusterA_noise0,clusterA
92,L,hydrophobic,122,D,negative,mixed,3.26,CD2,C,SC-BB,8,len100_clusterA_noise0,clusterA
92,L,hydrophobic,115,M,hydrophobic,hydrophobic,4.32,CD2,CA,SC-BB,8,len100_clusterA_noise0,clusterA
42,R,positive,61,D,negative,salt_bridge,2.6,CZ,CA,SC-BB,9,len100_distributed_noise0,distributed
42,R,positive,60,E,negative,salt_bridge,4.23,NH2,C,SC-BB,9,len100_distributed_noise0,distributed
56,T,polar,121,A,hydrophobic,mixed,4.42,O,N,BB-BB,9,len100_distributed_noise0,distributed
56,T,polar,120,G,other,mixed,3.97,CG2,O,SC-BB,9,len100_distributed_noise0,distributed
59,A,hydrophobic,121,A,hydrophobic,hydrophobic,2.88,CB,N,SC-BB,9,len100_distributed_noise0,distributed
59,A,hydrophobic,120,G,other,mixed,4.09,CB,C,SC-BB,9,len100_distributed_noise0,distributed
59,A,hydrophobic,122,D,negative,mixed,4.49,O,N,BB-BB,9,len100_distributed_noise0,distributed
60,L,hydrophobic,121,A,hydrophobic,hydrophobic,3.77,N,O,BB-BB,9,len100_distributed_noise0,distributed
60,L,hydrophobic,122,D,negative,mixed,4.45,CA,N,BB-BB,9,len100_distributed_noise0,distributed
63,S,polar,123,Y,aromatic,mixed,3.07,OG,N,SC-BB,9,len100_distributed_noise0,distributed
63,S,polar,122,D,negative,hydrogen_bond,3.28,OG,CA,SC-BB,9,len100_distributed_noise0,distributed
63,S,polar,121,A,hydrophobic,mixed,4.05,CB,O,SC-BB,9,len100_distributed_noise0,distributed
67,L,hydrophobic,125,R,positive,mixed,4.1,CD2,N,SC-BB,9,len100_distributed_noise0,distributed
67,L,hydrophobic,124,K,positive,mixed,4.08,CD2,CA,SC-BB,9,len100_distributed_noise0,distributed
67,L,hydrophobic,123,Y,aromatic,hydrophobic,4.21,CD2,O,SC-BB,9,len100_distributed_noise0,distributed
4,T,polar,61,D,negative,hydrogen_bond,3.1,CG2,C,SC-BB,10,len70_clusterA_noise0,clusterA
4,T,polar,60,E,negative,hydrogen_bond,3.33,CG2,O,SC-BB,10,len70_clusterA_noise0,clusterA
4,T,polar,62,K,positive,hydrogen_bond,3.1,CG2,N,SC-BB,10,len70_clusterA_noise0,clusterA
8,A,hydrophobic,61,D,negative,mixed,2.76,CB,O,SC-BB,10,len70_clusterA_noise0,clusterA
22,A,hydrophobic,51,A,hydrophobic,hydrophobic,3.85,CB,O,SC-BB,10,len70_clusterA_noise0,clusterA
58,K,positive,121,A,hydrophobic,mixed,3.26,CE,O,SC-BB,10,len70_clusterA_noise0,clusterA
58,K,positive,19,F,aromatic,cation_pi,4.08,NZ,O,SC-BB,10,len70_clusterA_noise0,clusterA
59,T,polar,121,A,hydrophobic,mixed,4.4,OG1,N,SC-BB,10,len70_clusterA_noise0,clusterA
59,T,polar,120,G,other,mixed,4.14,OG1,O,SC-BB,10,len70_clusterA_noise0,clusterA
62,A,hydrophobic,122,D,negative,mixed,4.43,CB,N,SC-BB,10,len70_clusterA_noise0,clusterA
66,M,hydrophobic,114,C,polar,mixed,3.74,CE,C,SC-BB,10,len70_clusterA_noise0,clusterA
66,M,hydrophobic,115,M,hydrophobic,hydrophobic,3.68,CE,N,SC-BB,10,len70_clusterA_noise0,clusterA
66,M,hydrophobic,113,R,positive,mixed,3.76,CE,C,SC-BB,10,len70_clusterA_noise0,clusterA
1,S,polar,61,D,negative,hydrogen_bond,3.53,N,CA,BB-BB,11,len25_clusterA_noise0,clusterA
4,L,hydrophobic,57,W,aromatic,hydrophobic,4.13,CD1,C,SC-BB,11,len25_clusterA_noise0,clusterA
4,L,hydrophobic,58,E,negative,mixed,3.82,CD1,N,SC-BB,11,len25_clusterA_noise0,clusterA
4,L,hydrophobic,113,R,positive,mixed,4.37,CD1,O,SC-BB,11,len25_clusterA_noise0,clusterA
4,L,hydrophobic,56,Y,aromatic,hydrophobic,4.09,CD2,CA,SC-BB,11,len25_clusterA_noise0,clusterA
8,R,positive,122,D,negative,salt_bridge,3.31,NE,O,SC-BB,11,len25_clusterA_noise0,clusterA
8,R,positive,115,M,hydrophobic,mixed,2.15,NH2,N,SC-BB,11,len25_clusterA_noise0,clusterA
8,R,positive,123,Y,aromatic,cation_pi,2.93,CZ,CA,SC-BB,11,len25_clusterA_noise0,clusterA
8,R,positive,114,C,polar,hydrogen_bond,1.52,NH2,O,SC-BB,11,len25_clusterA_noise0,clusterA
8,R,positive,116,I,hydrophobic,mixed,4.41,NE,N,SC-BB,11,len25_clusterA_noise0,clusterA
8,R,positive,124,K,positive,hydrogen_bond,3.78,NH2,N,SC-BB,11,len25_clusterA_noise0,clusterA
8,R,positive,113,R,positive,hydrogen_bond,4.0,NH2,C,SC-BB,11,len25_clusterA_noise0,clusterA
11,A,hydrophobic,120,G,other,mixed,4.13,CB,O,SC-BB,11,len25_clusterA_noise0,clusterA
12,A,hydrophobic,121,A,hydrophobic,hydrophobic,4.4,CA,N,BB-BB,11,len25_clusterA_noise0,clusterA
15,A,hydrophobic,119,G,other,mixed,3.77,CB,C,SC-BB,11,len25_clusterA_noise0,clusterA
15,A,hydrophobic,120,G,other,mixed,3.41,CB,CA,SC-BB,11,len25_clusterA_noise0,clusterA
3,A,hydrophobic,75,K,positive,mixed,3.35,CB,O,SC-BB,12,len100_clusterA_noise0,clusterA
3,A,hydrophobic,76,V,hydrophobic,hydrophobic,3.59,CB,O,SC-BB,12,len100_clusterA_noise0,clusterA
6,R,positive,76,V,hydrophobic,mixed,3.02,NH1,N,SC-BB,12,len100_clusterA_noise0,clusterA
6,R,positive,75,K,positive,hydrogen_bond,2.72,NH1,N,SC-BB,12,len100_clusterA_noise0,clusterA
6,R,positive,74,L,hydrophobic,mixed,3.73,NH1,N,SC-BB,12,len100_clusterA_noise0,clusterA
6,R,positive,73,D,negative,salt_bridge,3.15,NH2,CA,SC-BB,12,len100_clusterA_noise0,clusterA
17,N,polar,120,G,other,mixed,4.25,O,CA,BB-BB,12,len100_clusterA_noise0,clusterA
18,G,other,121,A,hydrophobic,mixed,3.63,CA,N,BB-BB,12,len100_clusterA_noise0,clusterA
18,G,other,120,G,other,mixed,4.28,CA,O,BB-BB,12,len100_clusterA_noise0,clusterA
21,A,hydrophobic,119,G,other,mixed,3.68,CB,C,SC-BB,12,len100_clusterA_noise0,clusterA
21,A,hydrophobic,120,G,other,mixed,3.57,CB,CA,SC-BB,12,len100_clusterA_noise0,clusterA
19,R,positive,61,D,negative,salt_bridge,2.32,NH1,CA,SC-BB,13,len100_distributed_noise0,distributed
19,R,positive,60,E,negative,salt_bridge,4.39,NH1,C,SC-BB,13,len100_distributed_noise0,distributed
35,T,polar,51,A,hydrophobic,mixed,4.48,CG2,O,SC-BB,13,len100_distributed_noise0,distributed
42,D,negative,121,A,hydrophobic,mixed,3.57,O,N,BB-BB,13,len100_distributed_noise0,distributed
42,D,negative,120,G,other,mixed,3.11,OD1,CA,SC-BB,13,len100_distributed_noise0,distributed
42,D,negative,117,S,polar,hydrogen_bond,4.06,OD2,C,SC-BB,13,len100_distributed_noise0,distributed
42,D,negative,118,Y,aromatic,mixed,3.96,OD2,N,SC-BB,13,len100_distributed_noise0,distributed
42,D,negative,119,G,other,mixed,4.03,OD1,C,SC-BB,13,len100_distributed_noise0,distributed
42,D,negative,52,A,hydrophobic,mixed,4.28,OD2,O,SC-BB,13,len100_distributed_noise0,distributed
45,A,hydrophobic,121,A,hydrophobic,hydrophobic,4.25,C,O,BB-BB,13,len100_distributed_noise0,distributed
46,G,other,121,A,hydrophobic,mixed,3.14,CA,O,BB-BB,13,len100_distributed_noise0,distributed
46,G,other,122,D,negative,mixed,4.22,CA,N,BB-BB,13,len100_distributed_noise0,distributed
45,E,negative,51,A,hydrophobic,mixed,4.29,OE2,O,SC-BB,14,len100_clusterB_noise05,clusterB
48,R,positive,52,A,hydrophobic,mixed,3.25,NH2,O,SC-BB,14,len100_clusterB_noise05,clusterB
48,R,positive,118,Y,aromatic,cation_pi,4.41,NH2,N,SC-BB,14,len100_clusterB_noise05,clusterB
48,R,positive,119,G,other,mixed,4.16,NH2,N,SC-BB,14,len100_clusterB_noise05,clusterB
60,R,positive,61,D,negative,salt_bridge,2.93,CD,O,SC-BB,14,len100_clusterB_noise05,clusterB
64,K,positive,61,D,negative,salt_bridge,3.06,CE,CA,SC-BB,14,len100_clusterB_noise05,clusterB
64,K,positive,62,K,positive,hydrogen_bond,4.4,CE,N,SC-BB,14,len100_clusterB_noise05,clusterB
67,E,negative,60,E,negative,hydrogen_bond,2.7,OE2,CA,SC-BB,14,len100_clusterB_noise05,clusterB
67,E,negative,61,D,negative,hydrogen_bond,4.31,OE2,N,SC-BB,14,len100_clusterB_noise05,clusterB
86,A,hydrophobic,121,A,hydrophobic,hydrophobic,4.02,O,O,BB-BB,14,len100_clusterB_noise05,clusterB
90,N,polar,121,A,hydrophobic,mixed,0.91,ND2,O,SC-BB,14,len100_clusterB_noise05,clusterB
90,N,polar,120,G,other,mixed,3.03,OD1,O,SC-BB,14,len100_clusterB_noise05,clusterB
90,N,polar,122,D,negative,hydrogen_bond,2.94,ND2,N,SC-BB,14,len100_clusterB_noise05,clusterB
90,N,polar,19,F,aromatic,mixed,4.45,ND2,O,SC-BB,14,len100_clusterB_noise05,clusterB
93,L,hydrophobic,120,G,other,mixed,4.08,CD1,O,SC-BB,14,len100_clusterB_noise05,clusterB
94,T,polar,119,G,other,mixed,3.41,OG1,C,SC-BB,14,len100_clusterB_noise05,clusterB
94,T,polar,120,G,other,mixed,3.72,OG1,N,SC-BB,14,len100_clusterB_noise05,clusterB
97,D,negative,119,G,other,mixed,3.3,OD2,CA,SC-BB,14,len100_clusterB_noise05,clusterB
27,A,hydrophobic,122,D,negative,mixed,3.31,CB,CA,SC-BB,15,len70_clusterB_noise0,clusterB
27,A,hydrophobic,121,A,hydrophobic,hydrophobic,3.34,O,O,BB-BB,15,len70_clusterB_noise0,clusterB
27,A,hydrophobic,123,Y,aromatic,hydrophobic,4.18,CB,N,SC-BB,15,len70_clusterB_noise0,clusterB
31,A,hydrophobic,121,A,hydrophobic,hydrophobic,3.34,CB,N,SC-BB,15,len70_clusterB_noise0,clusterB
31,A,hydrophobic,120,G,other,mixed,3.94,CA,CA,BB-BB,15,len70_clusterB_noise0,clusterB
34,I,hydrophobic,120,G,other,mixed,3.33,CD1,CA,SC-BB,15,len70_clusterB_noise0,clusterB
34,I,hydrophobic,119,G,other,mixed,3.82,CG2,CA,SC-BB,15,len70_clusterB_noise0,clusterB
52,R,positive,51,A,hydrophobic,mixed,3.27,CD,O,SC-BB,15,len70_clusterB_noise0,clusterB
67,R,positive,61,D,negative,salt_bridge,3.74,CD,O,SC-BB,15,len70_clusterB_noise0,clusterB
67,R,positive,76,V,hydrophobic,mixed,4.26,NH1,O,SC-BB,15,len70_clusterB_noise0,clusterB
70,A,hydrophobic,61,D,negative,mixed,4.01,CB,N,SC-BB,15,len70_clusterB_noise0,clusterB
9,A,hydrophobic,61,D,negative,mixed,3.92,O,O,BB-BB,16,len70_distributed_noise0,distributed
10,A,hydrophobic,61,D,negative,mixed,4.48,N,CA,BB-BB,16,len70_distributed_noise0,distributed
13,A,hydrophobic,61,D,negative,mixed,4.08,CB,O,SC-BB,16,len70_distributed_noise0,distributed
24,Q,polar,51,A,hydrophobic,mixed,1.71,NE2,O,SC-BB,16,len70_distributed_noise0,distributed
24,Q,polar,53,L,hydrophobic,mixed,3.77,NE2,N,SC-BB,16,len70_distributed_noise0,distributed
24,Q,polar,69,H,positive,hydrogen_bond,3.67,OE1,N,SC-BB,16,len70_distributed_noise0,distributed
24,Q,polar,50,L,hydrophobic,mixed,4.21,NE2,O,SC-BB,16,len70_distributed_noise0,distributed
24,Q,polar,52,A,hydrophobic,mixed,3.32,NE2,N,SC-BB,16,len70_distributed_noise0,distributed
24,Q,polar,68,V,hydrophobic,mixed,3.89,OE1,C,SC-BB,16,len70_distributed_noise0,distributed
28,Q,polar,52,A,hydrophobic,mixed,2.4,NE2,CA,SC-BB,16,len70_distributed_noise0,distributed
28,Q,polar,51,A,hydrophobic,mixed,2.76,NE2,O,SC-BB,16,len70_distributed_noise0,distributed
28,Q,polar,53,L,hydrophobic,mixed,4.16,NE2,N,SC-BB,16,len70_distributed_noise0,distributed
48,A,hydrophobic,120,G,other,mixed,4.05,CB,CA,SC-BB,16,len70_distributed_noise0,distributed
48,A,hydrophobic,119,G,other,mixed,4.02,CB,C,SC-BB,16,len70_distributed_noise0,distributed
52,A,hydrophobic,121,A,hydrophobic,hydrophobic,4.38,CA,CA,BB-BB,16,len70_distributed_noise0,distributed
55,A,hydrophobic,122,D,negative,mixed,4.34,CB,N,SC-BB,16,len70_distributed_noise0,distributed
55,A,hydrophobic,121,A,hydrophobic,hydrophobic,3.89,CB,O,SC-BB,16,len70_distributed_noise0,distributed
59,M,hydrophobic,123,Y,aromatic,hydrophobic,3.68,SD,CA,SC-BB,16,len70_distributed_noise0,distributed
63,R,positive,60,E,negative,salt_bridge,3.83,NH2,CA,SC-BB,16,len70_distributed_noise0,distributed
6,A,hydrophobic,62,K,positive,mixed,3.37,CB,N,SC-BB,17,len50_clusterB_noise0,clusterB
6,A,hydrophobic,61,D,negative,mixed,2.84,CB,O,SC-BB,17,len50_clusterB_noise0,clusterB
6,A,hydrophobic,60,E,negative,mixed,3.94,CB,O,SC-BB,17,len50_clusterB_noise0,clusterB
7,K,positive,61,D,negative,salt_bridge,4.47,N,O,BB-BB,17,len50_clusterB_noise0,clusterB
9,E,negative,76,V,hydrophobic,mixed,3.96,CB,O,SC-BB,17,len50_clusterB_noise0,clusterB
9,E,negative,78,H,positive,salt_bridge,3.26,OE2,CA,SC-BB,17,len50_clusterB_noise0,clusterB
9,E,negative,63,N,polar,hydrogen_bond,3.24,OE1,N,SC-BB,17,len50_clusterB_noise0,clusterB
9,E,negative,62,K,positive,salt_bridge,4.0,OE1,CA,SC-BB,17,len50_clusterB_noise0,clusterB
10,Q,polar,61,D,negative,hydrogen_bond,3.14,NE2,CA,SC-BB,17,len50_clusterB_noise0,clusterB
32,A,hydrophobic,52,A,hydrophobic,hydrophobic,4.12,CA,CA,BB-BB,17,len50_clusterB_noise0,clusterB
32,A,hydrophobic,51,A,hydrophobic,hydrophobic,2.98,CB,O,SC-BB,17,len50_clusterB_noise0,clusterB
35,N,polar,52,A,hydrophobic,mixed,1.68,ND2,O,SC-BB,17,len50_clusterB_noise0,clusterB
35,N,polar,118,Y,aromatic,mixed,3.23,OD1,CA,SC-BB,17,len50_clusterB_noise0,clusterB
35,N,polar,117,S,polar,hydrogen_bond,3.9,OD1,C,SC-BB,17,len50_clusterB_noise0,clusterB
35,N,polar,119,G,other,mixed,2.55,OD1,N,SC-BB,17,len50_clusterB_noise0,clusterB
35,N,polar,53,L,hydrophobic,mixed,3.61,ND2,N,SC-BB,17,len50_clusterB_noise0,clusterB
35,N,polar,120,G,other,mixed,4.1,OD1,CA,SC-BB,17,len50_clusterB_noise0,clusterB
38,A,hydrophobic,121,A,hydrophobic,hydrophobic,3.94,CB,N,SC-BB,17,len50_clusterB_noise0,clusterB
38,A,hydrophobic,120,G,other,mixed,4.3,CB,C,SC-BB,17,len50_clusterB_noise0,clusterB
42,V,hydrophobic,115,M,hydrophobic,hydrophobic,4.29,CG1,CA,SC-BB,17,len50_clusterB_noise0,clusterB
42,V,hydrophobic,122,D,negative,mixed,3.98,CG2,N,SC-BB,17,len50_clusterB_noise0,clusterB
5,K,positive,75,K,positive,hydrogen_bond,2.08,CE,CA,SC-BB,18,len100_clusterA_noise05,clusterA
5,K,positive,76,V,hydrophobic,mixed,3.54,CE,N,SC-BB,18,len100_clusterA_noise05,clusterA
12,R,positive,66,Q,polar,hydrogen_bond,2.3,NH2,CA,SC-BB,18,len100_clusterA_noise05,clusterA
12,R,positive,65,I,hydrophobic,mixed,3.39,NH2,O,SC-BB,18,len100_clusterA_noise05,clusterA
12,R,positive,67,F,aromatic,cation_pi,4.32,NH2,N,SC-BB,18,len100_clusterA_noise05,clusterA
15,L,hydrophobic,120,G,other,mixed,4.46,CD2,O,SC-BB,18,len100_clusterA_noise05,clusterA
22,K,positive,121,A,hydrophobic,mixed,3.66,NZ,O,SC-BB,18,len100_clusterA_noise05,clusterA
23,K,positive,123,Y,aromatic,cation_pi,3.56,NZ,O,SC-BB,18,len100_clusterA_noise05,clusterA
73,V,hydrophobic,51,A,hydrophobic,hydrophobic,4.36,CG1,O,SC-BB,18,len100_clusterA_noise05,clusterA
74,T,polar,51,A,hydrophobic,mixed,4.08,OG1,O,SC-BB,18,len100_clusterA_noise05,clusterA
77,A,hydrophobic,119,G,other,mixed,3.24,O,C,BB-BB,18,len100_clusterA_noise05,clusterA
77,A,hydrophobic,120,G,other,mixed,3.72,O,N,BB-BB,18,len100_clusterA_noise05,clusterA
78,L,hydrophobic,120,G,other,mixed,3.16,CD2,O,SC-BB,18,len100_clusterA_noise05,clusterA
78,L,hydrophobic,121,A,hydrophobic,hydrophobic,3.73,CD2,N,SC-BB,18,len100_clusterA_noise05,clusterA
81,D,negative,119,G,other,mixed,3.34,CB,O,SC-BB,18,len100_clusterA_noise05,clusterA
81,D,negative,120,G,other,mixed,3.44,CB,CA,SC-BB,18,len100_clusterA_noise05,clusterA
81,D,negative,19,F,aromatic,mixed,3.35,OD1,N,SC-BB,18,len100_clusterA_noise05,clusterA
81,D,negative,121,A,hydrophobic,mixed,3.52,OD2,N,SC-BB,18,len100_clusterA_noise05,clusterA
81,D,negative,18,A,hydrophobic,mixed,4.37,OD1,C,SC-BB,18,len100_clusterA_noise05,clusterA
84,A,hydrophobic,18,A,hydrophobic,hydrophobic,4.48,CB,N,SC-BB,18,len100_clusterA_noise05,clusterA
85,D,negative,18,A,hydrophobic,mixed,4.13,OD1,CA,SC-BB,18,len100_clusterA_noise05,clusterA
2,N,polar,122,D,negative,hydrogen_bond,1.79,ND2,CA,SC-BB,19,len100_clusterA_noise05,clusterA
2,N,polar,121,A,hydrophobic,mixed,3.2,ND2,O,SC-BB,19,len100_clusterA_noise05,clusterA
2,N,polar,123,Y,aromatic,mixed,2.86,ND2,N,SC-BB,19,len100_clusterA_noise05,clusterA
6,I,hydrophobic,122,D,negative,mixed,3.63,CD1,N,SC-BB,19,len100_clusterA_noise05,clusterA
6,I,hydrophobic,121,A,hydrophobic,hydrophobic,3.93,CD1,O,SC-BB,19,len100_clusterA_noise05,clusterA
86,K,positive,75,K,positive,hydrogen_bond,3.3,CD,O,SC-BB,19,len100_clusterA_noise05,clusterA
90,R,positive,76,V,hydrophobic,mixed,3.54,NH1,O,SC-BB,19,len100_clusterA_noise05,clusterA
97,G,other,117,S,polar,mixed,3.49,O,CA,BB-BB,19,len100_clusterA_noise05,clusterA
97,G,other,120,G,other,mixed,3.1,O,O,BB-BB,19,len100_clusterA_noise05,clusterA
97,G,other,121,A,hydrophobic,mixed,4.02,O,CA,BB-BB,19,len100_clusterA_noise05,clusterA
98,A,hydrophobic,121,A,hydrophobic,hydrophobic,4.06,O,N,BB-BB,19,len100_clusterA_noise05,clusterA
98,A,hydrophobic,120,G,other,mixed,4.34,O,CA,BB-BB,19,len100_clusterA_noise05,clusterA
99,V,hydrophobic,120,G,other,mixed,4.38,C,CA,BB-BB,19,len100_clusterA_noise05,clusterA
100,T,polar,120,G,other,mixed,2.03,O,N,BB-BB,19,len100_clusterA_noise05,clusterA
100,T,polar,119,G,other,mixed,1.98,O,N,BB-BB,19,len100_clusterA_noise05,clusterA
100,T,polar,121,A,hydrophobic,mixed,4.21,C,N,BB-BB,19,len100_clusterA_noise05,clusterA
100,T,polar,118,Y,aromatic,mixed,3.2,O,C,BB-BB,19,len100_clusterA_noise05,clusterA
100,T,polar,117,S,polar,hydrogen_bond,3.52,OG1,C,SC-BB,19,len100_clusterA_noise05,clusterA
100,T,polar,52,A,hydrophobic,mixed,4.01,CB,O,SC-BB,19,len100_clusterA_noise05,clusterA
73,E,negative,45,E,negative,hydrogen_bond,4.1,CG,O,SC-BB,20,len100_clusterA_noise0,clusterA
73,E,negative,46,K,positive,salt_bridge,3.92,OE2,CA,SC-BB,20,len100_clusterA_noise0,clusterA
79,D,negative,18,A,hydrophobic,mixed,3.04,OD1,N,SC-BB,20,len100_clusterA_noise0,clusterA
79,D,negative,19,F,aromatic,mixed,3.73,O,N,BB-BB,20,len100_clusterA_noise0,clusterA
80,K,positive,119,G,other,mixed,2.06,O,C,BB-BB,20,len100_clusterA_noise0,clusterA
80,K,positive,120,G,other,mixed,3.02,O,N,BB-BB,20,len100_clusterA_noise0,clusterA
80,K,positive,118,Y,aromatic,cation_pi,3.57,CG,O,SC-BB,20,len100_clusterA_noise0,clusterA
80,K,positive,43,P,hydrophobic,mixed,3.23,CE,O,SC-BB,20,len100_clusterA_noise0,clusterA
80,K,positive,44,V,hydrophobic,mixed,3.43,NZ,CA,SC-BB,20,len100_clusterA_noise0,clusterA
80,K,positive,45,E,negative,salt_bridge,3.38,NZ,N,SC-BB,20,len100_clusterA_noise0,clusterA
81,A,hydrophobic,119,G,other,mixed,4.17,N,C,BB-BB,20,len100_clusterA_noise0,clusterA
83,S,polar,119,G,other,mixed,3.33,CB,O,SC-BB,20,len100_clusterA_noise0,clusterA
83,S,polar,120,G,other,mixed,3.44,OG,CA,SC-BB,20,len100_clusterA_noise0,clusterA
83,S,polar,19,F,aromatic,mixed,3.64,CB,N,SC-BB,20,len100_clusterA_noise0,clusterA
83,S,polar,121,A,hydrophobic,mixed,2.98,OG,N,SC-BB,20,len100_clusterA_noise0,clusterA
84,A,hydrophobic,119,G,other,mixed,3.09,N,C,BB-BB,20,len100_clusterA_noise0,clusterA
84,A,hydrophobic,120,G,other,mixed,3.4,N,CA,BB-BB,20,len100_clusterA_noise0,clusterA
24,A,hydrophobic,120,G,other,mixed,3.86,O,CA,BB-BB,21,len100_clusterB_noise05,clusterB
24,A,hydrophobic,119,G,other,mixed,4.02,CB,C,SC-BB,21,len100_clusterB_noise05,clusterB
27,R,positive,121,A,hydrophobic,mixed,2.8,CD,O,SC-BB,21,len100_clusterB_noise05,clusterB
28,R,positive,120,G,other,mixed,3.44,CG,CA,SC-BB,21,len100_clusterB_noise05,clusterB
28,R,positive,119,G,other,mixed,3.56,NH1,C,SC-BB,21,len100_clusterB_noise05,clusterB
35,V,hydrophobic,66,Q,polar,mixed,3.79,CG1,CA,SC-BB,21,len100_clusterB_noise05,clusterB
35,V,hydrophobic,56,Y,aromatic,hydrophobic,4.15,CG2,CA,SC-BB,21,len100_clusterB_noise05,clusterB
38,G,other,61,D,negative,mixed,3.71,O,O,BB-BB,21,len100_clusterB_noise05,clusterB
39,G,other,61,D,negative,mixed,3.87,O,O,BB-BB,21,len100_clusterB_noise05,clusterB
16,L,hydrophobic,115,M,hydrophobic,hydrophobic,3.71,CD1,CA,SC-BB,22,len100_clusterA_noise0,clusterA
17,R,positive,61,D,negative,salt_bridge,4.15,O,CA,BB-BB,22,len100_clusterA_noise0,clusterA
20,S,polar,61,D,negative,hydrogen_bond,4.33,CB,N,SC-BB,22,len100_clusterA_noise0,clusterA
21,R,positive,61,D,negative,salt_bridge,3.54,CG,CA,SC-BB,22,len100_clusterA_noise0,clusterA
24,R,positive,60,E,negative,salt_bridge,4.49,NE,CA,SC-BB,22,len100_clusterA_noise0,clusterA
52,F,aromatic,123,Y,aromatic,aromatic_stacking,3.39,CE2,N,SC-BB,22,len100_clusterA_noise0,clusterA
52,F,aromatic,122,D,negative,mixed,2.68,CE2,CA,SC-BB,22,len100_clusterA_noise0,clusterA
52,F,aromatic,121,A,hydrophobic,hydrophobic,3.72,CE2,O,SC-BB,22,len100_clusterA_noise0,clusterA
56,G,other,121,A,hydrophobic,mixed,4.22,CA,O,BB-BB,22,len100_clusterA_noise0,clusterA
56,G,other,120,G,other,mixed,4.5,O,CA,BB-BB,22,len100_clusterA_noise0,clusterA
60,A,hydrophobic,119,G,other,mixed,4.22,CB,C,SC-BB,22,len100_clusterA_noise0,clusterA
20,N,polar,123,Y,aromatic,mixed,3.3,ND2,O,SC-BB,23,len70_clusterA_noise05,clusterA
21,Q,polar,121,A,hydrophobic,mixed,3.78,CG,O,SC-BB,23,len70_clusterA_noise05,clusterA
21,Q,polar,19,F,aromatic,mixed,4.25,NE2,O,SC-BB,23,len70_clusterA_noise05,clusterA
24,A,hydrophobic,122,D,negative,mixed,3.84,CB,N,SC-BB,23,len70_clusterA_noise05,clusterA
24,A,hydrophobic,121,A,hydrophobic,hydrophobic,4.17,CB,C,SC-BB,23,len70_clusterA_noise05,clusterA
42,L,hydrophobic,51,A,hydrophobic,hydrophobic,3.2,CD1,O,SC-BB,23,len70_clusterA_noise05,clusterA
42,L,hydrophobic,52,A,hydrophobic,hydrophobic,3.94,CD1,CA,SC-BB,23,len70_clusterA_noise05,clusterA
46,T,polar,120,G,other,mixed,3.62,CG2,O,SC-BB,23,len70_clusterA_noise05,clusterA
46,T,polar,117,S,polar,hydrogen_bond,4.42,CG2,CA,SC-BB,23,len70_clusterA_noise05,clusterA
49,A,hydrophobic,119,G,other,mixed,2.19,CB,C,SC-BB,23,len70_clusterA_noise05,clusterA
49,A,hydrophobic,120,G,other,mixed,2.64,CB,N,SC-BB,23,len70_clusterA_noise05,clusterA
50,I,hydrophobic,121,A,hydrophobic,hydrophobic,2.91,CG1,N,SC-BB,23,len70_clusterA_noise05,clusterA
50,I,hydrophobic,119,G,other,mixed,4.0,N,O,BB-BB,23,len70_clusterA_noise05,clusterA
50,I,hydrophobic,120,G,other,mixed,3.48,N,CA,BB-BB,23,len70_clusterA_noise05,clusterA
53,N,polar,18,A,hydrophobic,mixed,2.32,OD1,CA,SC-BB,23,len70_clusterA_noise05,clusterA
53,N,polar,19,F,aromatic,mixed,2.77,ND2,O,SC-BB,23,len70_clusterA_noise05,clusterA
53,N,polar,121,A,hydrophobic,mixed,4.23,ND2,O,SC-BB,23,len70_clusterA_noise05,clusterA
56,E,negative,18,A,hydrophobic,mixed,2.7,OE1,N,SC-BB,23,len70_clusterA_noise05,clusterA
19,A,hydrophobic,121,A,hydrophobic,hydrophobic,4.3,CB,N,SC-BB,24,len50_distributed_noise0,distributed
19,A,hydrophobic,120,G,other,mixed,3.54,CB,CA,SC-BB,24,len50_distributed_noise0,distributed
22,A,hydrophobic,52,A,hydrophobic,hydrophobic,4.29,CB,O,SC-BB,24,len50_distributed_noise0,distributed
22,A,hydrophobic,51,A,hydrophobic,hydrophobic,3.79,O,O,BB-BB,24,len50_distributed_noise0,distributed
32,N,polar,66,Q,polar,hydrogen_bond,4.25,OD1,C,SC-BB,24,len50_distributed_noise0,distributed
39,L,hydrophobic,115,M,hydrophobic,hydrophobic,4.41,CD2,CA,SC-BB,24,len50_distributed_noise0,distributed
43,K,positive,60,E,negative,salt_bridge,4.4,NZ,C,SC-BB,24,len50_distributed_noise0,distributed
43,K,positive,61,D,negative,salt_bridge,3.27,NZ,N,SC-BB,24,len50_distributed_noise0,distributed
2,Q,polar,75,K,positive,hydrogen_bond,3.24,CA,O,BB-BB,25,len70_clusterA_noise0,clusterA
2,Q,polar,76,V,hydrophobic,mixed,2.78,CG,O,SC-BB,25,len70_clusterA_noise0,clusterA
2,Q,polar,78,H,positive,hydrogen_bond,2.4,NE2,N,SC-BB,25,len70_clusterA_noise0,clusterA
2,Q,polar,77,Q,polar,hydrogen_bond,2.79,NE2,C,SC-BB,25,len70_clusterA_noise0,clusterA
2,Q,polar,79,S,polar,hydrogen_bond,4.26,OE1,N,SC-BB,25,len70_clusterA_noise0,clusterA
6,Q,polar,76,V,hydrophobic,mixed,3.32,NE2,O,SC-BB,25,len70_clusterA_noise0,clusterA
6,Q,polar,63,N,polar,hydrogen_bond,3.51,NE2,N,SC-BB,25,len70_clusterA_noise0,clusterA
9,F,aromatic,66,Q,polar,mixed,4.25,CZ,CA,SC-BB,25,len70_clusterA_noise0,clusterA
9,F,aromatic,55,V,hydrophobic,hydrophobic,3.5,CZ,O,SC-BB,25,len70_clusterA_noise0,clusterA
9,F,aromatic,67,F,aromatic,aromatic_stacking,3.75,CE1,O,SC-BB,25,len70_clusterA_noise0,clusterA
9,F,aromatic,68,V,hydrophobic,hydrophobic,4.42,CE1,N,SC-BB,25,len70_clusterA_noise0,clusterA
9,F,aromatic,56,Y,aromatic,aromatic_stacking,3.98,CE2,CA,SC-BB,25,len70_clusterA_noise0,clusterA
16,Q,polar,120,G,other,mixed,4.31,O,CA,BB-BB,25,len70_clusterA_noise0,clusterA
16,Q,polar,52,A,hydrophobic,mixed,4.08,NE2,O,SC-BB,25,len70_clusterA_noise0,clusterA
16,Q,polar,117,S,polar,hydrogen_bond,3.62,OE1,CA,SC-BB,25,len70_clusterA_noise0,clusterA
16,Q,polar,118,Y,aromatic,mixed,4.42,OE1,N,SC-BB,25,len70_clusterA_noise0,clusterA
20,A,hydrophobic,119,G,other,mixed,3.68,CB,C,SC-BB,25,len70_clusterA_noise0,clusterA
20,A,hydrophobic,120,G,other,mixed,3.57,CB,CA,SC-BB,25,len70_clusterA_noise0,clusterA
10,N,polar,61,D,negative,hydrogen_bond,4.16,OD1,CA,SC-BB,26,len70_distributed_noise05,distributed
17,Y,aromatic,73,D,negative,mixed,4.16,OH,CA,SC-BB,26,len70_distributed_noise05,distributed
34,R,positive,119,G,other,mixed,1.46,NH2,N,SC-BB,26,len70_distributed_noise05,distributed
34,R,positive,120,G,other,mixed,3.02,NH2,N,SC-BB,26,len70_distributed_noise05,distributed
34,R,positive,118,Y,aromatic,cation_pi,2.57,NH2,C,SC-BB,26,len70_distributed_noise05,distributed
38,I,hydrophobic,120,G,other,mixed,3.79,CG1,O,SC-BB,26,len70_distributed_noise05,distributed
41,A,hydrophobic,121,A,hydrophobic,hydrophobic,4.08,CB,N,SC-BB,26,len70_distributed_noise05,distributed
45,K,positive,123,Y,aromatic,cation_pi,3.23,NZ,O,SC-BB,26,len70_distributed_noise05,distributed
45,K,positive,122,D,negative,salt_bridge,3.66,NZ,CA,SC-BB,26,len70_distributed_noise05,distributed
1,M,hydrophobic,75,K,positive,mixed,2.55,O,C,BB-BB,27,len50_clusterA_noise0,clusterA
1,M,hydrophobic,76,V,hydrophobic,hydrophobic,1.92,O,N,BB-BB,27,len50_clusterA_noise0,clusterA
1,M,hydrophobic,77,Q,polar,mixed,4.24,O,N,BB-BB,27,len50_clusterA_noise0,clusterA
1,M,hydrophobic,73,D,negative,mixed,4.27,O,O,BB-BB,27,len50_clusterA_noise0,clusterA
2,T,polar,75,K,positive,hydrogen_bond,3.85,CA,O,BB-BB,27,len50_clusterA_noise0,clusterA
2,T,polar,76,V,hydrophobic,mixed,3.05,CA,CA,BB-BB,27,len50_clusterA_noise0,clusterA
3,R,positive,76,V,hydrophobic,mixed,3.09,N,CA,BB-BB,27,len50_clusterA_noise0,clusterA
3,R,positive,63,N,polar,hydrogen_bond,3.34,NH1,N,SC-BB,27,len50_clusterA_noise0,clusterA
3,R,positive,61,D,negative,salt_bridge,1.28,NH1,O,SC-BB,27,len50_clusterA_noise0,clusterA
3,R,positive,62,K,positive,hydrogen_bond,2.96,NH1,N,SC-BB,27,len50_clusterA_noise0,clusterA
3,R,positive,58,E,negative,salt_bridge,4.16,NH2,CA,SC-BB,27,len50_clusterA_noise0,clusterA
42,A,hydrophobic,121,A,hydrophobic,hydrophobic,3.95,CB,O,SC-BB,27,len50_clusterA_noise0,clusterA
9,R,positive,61,D,negative,salt_bridge,0.9,NH2,CA,SC-BB,28,len50_clusterA_noise05,clusterA
9,R,positive,60,E,negative,salt_bridge,3.25,NH2,C,SC-BB,28,len50_clusterA_noise05,clusterA
9,R,positive,62,K,positive,hydrogen_bond,3.11,NH2,N,SC-BB,28,len50_clusterA_noise05,clusterA
13,R,positive,63,N,polar,hydrogen_bond,1.75,NH2,CA,SC-BB,28,len50_clusterA_noise05,clusterA
13,R,positive,62,K,positive,hydrogen_bond,3.41,NH2,C,SC-BB,28,len50_clusterA_noise05,clusterA
13,R,positive,57,W,aromatic,cation_pi,3.79,NH2,O,SC-BB,28,len50_clusterA_noise05,clusterA
13,R,positive,58,E,negative,salt_bridge,3.43,NH1,CA,SC-BB,28,len50_clusterA_noise05,clusterA
13,R,positive,64,I,hydrophobic,mixed,3.45,NH2,N,SC-BB,28,len50_clusterA_noise05,clusterA
20,R,positive,73,D,negative,salt_bridge,2.64,NH1,CA,SC-BB,28,len50_clusterA_noise05,clusterA
20,R,positive,72,E,negative,salt_bridge,4.18,NH2,O,SC-BB,28,len50_clusterA_noise05,clusterA
32,Y,aromatic,120,G,other,mixed,0.64,CE1,O,SC-BB,28,len50_clusterA_noise05,clusterA
32,Y,aromatic,121,A,hydrophobic,hydrophobic,2.33,CE1,CA,SC-BB,28,len50_clusterA_noise05,clusterA
32,Y,aromatic,117,S,polar,mixed,2.08,CZ,CA,SC-BB,28,len50_clusterA_noise05,clusterA
32,Y,aromatic,119,G,other,mixed,4.09,CD1,O,SC-BB,28,len50_clusterA_noise05,clusterA
32,Y,aromatic,118,Y,aromatic,aromatic_stacking,3.06,CE1,N,SC-BB,28,len50_clusterA_noise05,clusterA
32,Y,aromatic,122,D,negative,mixed,3.22,OH,N,SC-BB,28,len50_clusterA_noise05,clusterA
32,Y,aromatic,116,I,hydrophobic,hydrophobic,1.39,OH,O,SC-BB,28,len50_clusterA_noise05,clusterA
35,A,hydrophobic,121,A,hydrophobic,hydrophobic,4.43,CB,N,SC-BB,28,len50_clusterA_noise05,clusterA
36,L,hydrophobic,121,A,hydrophobic,hydrophobic,3.83,CD1,C,SC-BB,28,len50_clusterA_noise05,clusterA
36,L,hydrophobic,122,D,negative,mixed,3.34,CD1,N,SC-BB,28,len50_clusterA_noise05,clusterA
36,L,hydrophobic,123,Y,aromatic,hydrophobic,4.23,CD1,N,SC-BB,28,len50_clusterA_noise05,clusterA
39,K,positive,122,D,negative,salt_bridge,4.24,CD,CA,SC-BB,28,len50_clusterA_noise05,clusterA
39,K,positive,121,A,hydrophobic,mixed,3.98,CD,O,SC-BB,28,len50_clusterA_noise05,clusterA
39,K,positive,20,T,polar,hydrogen_bond,4.18,NZ,CA,SC-BB,28,len50_clusterA_noise05,clusterA
39,K,positive,19,F,aromatic,cation_pi,3.89,NZ,O,SC-BB,28,len50_clusterA_noise05,clusterA
15,D,negative,52,A,hydrophobic,mixed,4.23,OD2,O,SC-BB,29,len100_distributed_noise0,distributed
26,L,hydrophobic,114,C,polar,mixed,4.15,CD1,C,SC-BB,29,len100_distributed_noise0,distributed
26,L,hydrophobic,115,M,hydrophobic,hydrophobic,3.9,CD1,N,SC-BB,29,len100_distributed_noise0,distributed
27,R,positive,61,D,negative,salt_bridge,2.71,O,CA,BB-BB,29,len100_distributed_noise0,distributed
27,R,positive,62,K,positive,hydrogen_bond,3.83,CD,C,SC-BB,29,len100_distributed_noise0,distributed
27,R,positive,63,N,polar,hydrogen_bond,3.21,CD,CA,SC-BB,29,len100_distributed_noise0,distributed
27,R,positive,58,E,negative,salt_bridge,4.45,CG,CA,SC-BB,29,len100_distributed_noise0,distributed
27,R,positive,76,V,hydrophobic,mixed,3.68,NH1,O,SC-BB,29,len100_distributed_noise0,distributed
29,T,polar,61,D,negative,hydrogen_bond,4.15,CG2,O,SC-BB,29,len100_distributed_noise0,distributed
63,A,hydrophobic,119,G,other,mixed,4.45,O,C,BB-BB,29,len100_distributed_noise0,distributed
63,A,hydrophobic,120,G,other,mixed,4.46,O,CA,BB-BB,29,len100_distributed_noise0,distributed
66,A,hydrophobic,120,G,other,mixed,3.56,CB,N,SC-BB,29,len100_distributed_noise0,distributed
66,A,hydrophobic,121,A,hydrophobic,hydrophobic,3.37,O,N,BB-BB,29,len100_distributed_noise0,distributed
66,A,hydrophobic,119,G,other,mixed,3.41,CB,O,SC-BB,29,len100_distributed_noise0,distributed
67,R,positive,121,A,hydrophobic,mixed,3.81,CA,N,BB-BB,29,len100_distributed_noise0,distributed
67,R,positive,120,G,other,mixed,3.55,CG,CA,SC-BB,29,len100_distributed_noise0,distributed
69,A,hydrophobic,121,A,hydrophobic,hydrophobic,3.98,C,O,BB-BB,29,len100_distributed_noise0,distributed
70,G,other,121,A,hydrophobic,mixed,2.04,CA,O,BB-BB,29,len100_distributed_noise0,distributed
70,G,other,122,D,negative,mixed,3.65,CA,N,BB-BB,29,len100_distributed_noise0,distributed
71,L,hydrophobic,121,A,hydrophobic,hydrophobic,4.13,N,O,BB-BB,29,len100_distributed_noise0,distributed
74,I,hydrophobic,123,Y,aromatic,hydrophobic,3.41,CG1,N,SC-BB,29,len100_distributed_noise0,distributed
74,I,hydrophobic,122,D,negative,mixed,3.48,CD1,C,SC-BB,29,len100_distributed_noise0,distributed
3,L,hydrophobic,52,A,hydrophobic,hydrophobic,3.65,CD2,CA,SC-BB,30,len70_clusterB_noise05,clusterB
7,N,polar,52,A,hydrophobic,mixed,3.72,ND2,O,SC-BB,30,len70_clusterB_noise05,clusterB
7,N,polar,51,A,hydrophobic,mixed,4.31,ND2,O,SC-BB,30,len70_clusterB_noise05,clusterB
25,K,positive,60,E,negative,salt_bridge,3.91,NZ,O,SC-BB,30,len70_clusterB_noise05,clusterB
25,K,positive,62,K,positive,hydrogen_bond,4.45,NZ,N,SC-BB,30,len70_clusterB_noise05,clusterB
25,K,positive,61,D,negative,salt_bridge,4.16,NZ,C,SC-BB,30,len70_clusterB_noise05,clusterB
54,R,positive,61,D,negative,salt_bridge,3.17,NH1,CA,SC-BB,30,len70_clusterB_noise05,clusterB
62,C,polar,121,A,hydrophobic,mixed,3.47,O,O,BB-BB,30,len70_clusterB_noise05,clusterB
62,C,polar,123,Y,aromatic,mixed,4.43,SG,N,SC-BB,30,len70_clusterB_noise05,clusterB
62,C,polar,122,D,negative,hydrogen_bond,4.23,SG,C,SC-BB,30,len70_clusterB_noise05,clusterB
65,L,hydrophobic,121,A,hydrophobic,hydrophobic,2.68,C,N,BB-BB,30,len70_clusterB_noise05,clusterB
65,L,hydrophobic,120,G,other,mixed,2.23,O,CA,BB-BB,30,len70_clusterB_noise05,clusterB
65,L,hydrophobic,119,G,other,mixed,3.65,O,O,BB-BB,30,len70_clusterB_noise05,clusterB
65,L,hydrophobic,117,S,polar,mixed,4.15,CD1,CA,SC-BB,30,len70_clusterB_noise05,clusterB
66,Q,polar,121,A,hydrophobic,mixed,2.33,CG,O,SC-BB,30,len70_clusterB_noise05,clusterB
66,Q,polar,120,G,other,mixed,4.13,N,C,BB-BB,30,len70_clusterB_noise05,clusterB
66,Q,polar,19,F,aromatic,mixed,4.37,CG,O,SC-BB,30,len70_clusterB_noise05,clusterB
66,Q,polar,122,D,negative,hydrogen_bond,4.31,NE2,CA,SC-BB,30,len70_clusterB_noise05,clusterB
68,F,aromatic,119,G,other,mixed,3.59,C,C,BB-BB,30,len70_clusterB_noise05,clusterB
68,F,aromatic,120,G,other,mixed,4.03,C,N,BB-BB,30,len70_clusterB_noise05,clusterB
69,A,hydrophobic,119,G,other,mixed,1.71,CB,O,SC-BB,30,len70_clusterB_noise05,clusterB
69,A,hydrophobic,120,G,other,mixed,2.15,CB,N,SC-BB,30,len70_clusterB_noise05,clusterB
69,A,hydrophobic,121,A,hydrophobic,hydrophobic,4.31,CB,N,SC-BB,30,len70_clusterB_noise05,clusterB
69,A,hydrophobic,118,Y,aromatic,hydrophobic,4.14,CB,O,SC-BB,30,len70_clusterB_noise05,clusterB
70,K,positive,119,G,other,mixed,4.42,N,C,BB-BB,30,len70_clusterB_noise05,clusterB
3,L,hydrophobic,56,Y,aromatic,hydrophobic,4.26,CD1,CA,SC-BB,31,len70_clusterA_noise0,clusterA
10,S,polar,52,A,hydrophobic,mixed,3.1,OG,O,SC-BB,31,len70_clusterA_noise0,clusterA
10,S,polar,118,Y,aromatic,mixed,4.24,OG,N,SC-BB,31,len70_clusterA_noise0,clusterA
10,S,polar,117,S,polar,hydrogen_bond,4.09,OG,C,SC-BB,31,len70_clusterA_noise0,clusterA
10,S,polar,119,G,other,mixed,4.48,OG,N,SC-BB,31,len70_clusterA_noise0,clusterA
14,S,polar,119,G,other,mixed,3.1,OG,CA,SC-BB,31,len70_clusterA_noise0,clusterA
14,S,polar,120,G,other,mixed,4.15,OG,N,SC-BB,31,len70_clusterA_noise0,clusterA
32,L,hydrophobic,119,G,other,mixed,4.32,O,C,BB-BB,31,len70_clusterA_noise0,clusterA
35,G,other,119,G,other,mixed,3.15,CA,O,BB-BB,31,len70_clusterA_noise0,clusterA
35,G,other,120,G,other,mixed,2.85,O,CA,BB-BB,31,len70_clusterA_noise0,clusterA
35,G,other,121,A,hydrophobic,mixed,3.54,O,N,BB-BB,31,len70_clusterA_noise0,clusterA
36,A,hydrophobic,119,G,other,mixed,4.0,N,C,BB-BB,31,len70_clusterA_noise0,clusterA
36,A,hydrophobic,120,G,other,mixed,4.06,N,CA,BB-BB,31,len70_clusterA_noise0,clusterA
38,A,hydrophobic,121,A,hydrophobic,hydrophobic,3.48,CB,O,SC-BB,31,len70_clusterA_noise0,clusterA
39,A,hydrophobic,121,A,hydrophobic,hydrophobic,3.97,N,N,BB-BB,31,len70_clusterA_noise0,clusterA
39,A,hydrophobic,120,G,other,mixed,3.89,CB,O,SC-BB,31,len70_clusterA_noise0,clusterA
42,L,hydrophobic,121,A,hydrophobic,hydrophobic,3.14,CD1,C,SC-BB,31,len70_clusterA_noise0,clusterA
42,L,hydrophobic,122,D,negative,mixed,3.04,CD1,N,SC-BB,31,len70_clusterA_noise0,clusterA
