binder_resnum,binder_aa,binder_class,target_resnum,target_aa,target_class,interaction_type,distance,binder_atom,target_atom,rank,condition_id,seq_id,hotspot_config,length,noise
5,R,charged,46,K,charged,salt_bridge_compatible,3.5,NH2,CA,1,len70_clusterA_noise05,design_19_0_rank0,clusterA,70,0.5
5,R,charged,47,Q,polar,hbond_compatible,2.737,NH1,N,1,len70_clusterA_noise05,design_19_0_rank0,clusterA,70,0.5
5,R,charged,48,L,hydrophobic,mixed,4.32,NH1,N,1,len70_clusterA_noise05,design_19_0_rank0,clusterA,70,0.5
9,L,hydrophobic,119,G,hydrophobic,hydrophobic_or_aromatic,3.329,CD2,CA,1,len70_clusterA_noise05,design_19_0_rank0,clusterA,70,0.5
9,L,hydrophobic,52,A,hydrophobic,hydrophobic_or_aromatic,4.106,CD1,CA,1,len70_clusterA_noise05,design_19_0_rank0,clusterA,70,0.5
9,L,hydrophobic,118,Y,aromatic,hydrophobic_or_aromatic,3.387,CD2,C,1,len70_clusterA_noise05,design_19_0_rank0,clusterA,70,0.5
12,R,charged,119,G,hydrophobic,mixed,3.55,CB,C,1,len70_clusterA_noise05,design_19_0_rank0,clusterA,70,0.5
12,R,charged,120,G,hydrophobic,mixed,4.49,CB,N,1,len70_clusterA_noise05,design_19_0_rank0,clusterA,70,0.5
13,A,hydrophobic,119,G,hydrophobic,hydrophobic_or_aromatic,3.802,N,C,1,len70_clusterA_noise05,design_19_0_rank0,clusterA,70,0.5
13,A,hydrophobic,120,G,hydrophobic,hydrophobic_or_aromatic,4.438,CA,CA,1,len70_clusterA_noise05,design_19_0_rank0,clusterA,70,0.5
16,Q,polar,121,A,hydrophobic,mixed,2.804,OE1,N,1,len70_clusterA_noise05,design_19_0_rank0,clusterA,70,0.5
16,Q,polar,120,G,hydrophobic,mixed,2.605,OE1,CA,1,len70_clusterA_noise05,design_19_0_rank0,clusterA,70,0.5
16,Q,polar,119,G,hydrophobic,mixed,3.135,OE1,O,1,len70_clusterA_noise05,design_19_0_rank0,clusterA,70,0.5
16,Q,polar,19,F,aromatic,mixed,3.88,NE2,N,1,len70_clusterA_noise05,design_19_0_rank0,clusterA,70,0.5
13,T,polar,120,G,hydrophobic,mixed,3.847,CG2,CA,2,len70_distributed_noise0,design_17_0_rank1,distributed,70,0.0
13,T,polar,119,G,hydrophobic,mixed,4.152,OG1,C,2,len70_distributed_noise0,design_17_0_rank1,distributed,70,0.0
16,A,hydrophobic,121,A,hydrophobic,hydrophobic_or_aromatic,3.721,O,O,2,len70_distributed_noise0,design_17_0_rank1,distributed,70,0.0
16,A,hydrophobic,120,G,hydrophobic,hydrophobic_or_aromatic,4.415,CB,CA,2,len70_distributed_noise0,design_17_0_rank1,distributed,70,0.0
20,A,hydrophobic,122,D,charged,mixed,3.862,CB,CA,2,len70_distributed_noise0,design_17_0_rank1,distributed,70,0.0
20,A,hydrophobic,121,A,hydrophobic,hydrophobic_or_aromatic,3.86,CB,O,2,len70_distributed_noise0,design_17_0_rank1,distributed,70,0.0
24,E,charged,123,Y,aromatic,mixed,2.976,OE2,O,2,len70_distributed_noise0,design_17_0_rank1,distributed,70,0.0
24,E,charged,124,K,charged,salt_bridge_compatible,3.709,OE2,N,2,len70_distributed_noise0,design_17_0_rank1,distributed,70,0.0
41,T,polar,60,E,charged,hbond_compatible,4.364,CG2,CA,2,len70_distributed_noise0,design_17_0_rank1,distributed,70,0.0
45,M,hydrophobic,60,E,charged,mixed,3.934,CG,N,2,len70_distributed_noise0,design_17_0_rank1,distributed,70,0.0
45,M,hydrophobic,61,D,charged,mixed,3.997,CG,N,2,len70_distributed_noise0,design_17_0_rank1,distributed,70,0.0
45,M,hydrophobic,111,V,hydrophobic,hydrophobic_or_aromatic,4.008,CE,O,2,len70_distributed_noise0,design_17_0_rank1,distributed,70,0.0
45,M,hydrophobic,112,Y,aromatic,hydrophobic_or_aromatic,4.35,CE,C,2,len70_distributed_noise0,design_17_0_rank1,distributed,70,0.0
45,M,hydrophobic,113,R,charged,mixed,4.292,CE,N,2,len70_distributed_noise0,design_17_0_rank1,distributed,70,0.0
48,R,charged,61,D,charged,salt_bridge_compatible,2.748,NH1,C,2,len70_distributed_noise0,design_17_0_rank1,distributed,70,0.0
48,R,charged,62,K,charged,salt_bridge_compatible,1.431,NH1,O,2,len70_distributed_noise0,design_17_0_rank1,distributed,70,0.0
48,R,charged,63,N,polar,hbond_compatible,2.878,NH1,N,2,len70_distributed_noise0,design_17_0_rank1,distributed,70,0.0
48,R,charged,59,M,hydrophobic,mixed,2.343,NH2,N,2,len70_distributed_noise0,design_17_0_rank1,distributed,70,0.0
48,R,charged,58,E,charged,salt_bridge_compatible,2.059,NH2,CA,2,len70_distributed_noise0,design_17_0_rank1,distributed,70,0.0
48,R,charged,60,E,charged,salt_bridge_compatible,4.333,NH2,N,2,len70_distributed_noise0,design_17_0_rank1,distributed,70,0.0
48,R,charged,57,W,aromatic,mixed,4.328,NH2,C,2,len70_distributed_noise0,design_17_0_rank1,distributed,70,0.0
63,Q,polar,51,A,hydrophobic,mixed,4.047,OE1,O,2,len70_distributed_noise0,design_17_0_rank1,distributed,70,0.0
1,S,polar,61,D,charged,hbond_compatible,3.719,N,O,3,len25_clusterA_noise0,design_11_0_rank1,clusterA,25,0.0
2,K,charged,61,D,charged,salt_bridge_compatible,4.476,N,O,3,len25_clusterA_noise0,design_11_0_rank1,clusterA,25,0.0
4,T,polar,76,V,hydrophobic,mixed,4.292,CG2,O,3,len25_clusterA_noise0,design_11_0_rank1,clusterA,25,0.0
5,S,polar,61,D,charged,hbond_compatible,3.295,OG,O,3,len25_clusterA_noise0,design_11_0_rank1,clusterA,25,0.0
12,A,hydrophobic,120,G,hydrophobic,hydrophobic_or_aromatic,4.007,O,O,3,len25_clusterA_noise0,design_11_0_rank1,clusterA,25,0.0
12,A,hydrophobic,117,S,polar,mixed,4.202,O,CA,3,len25_clusterA_noise0,design_11_0_rank1,clusterA,25,0.0
16,G,hydrophobic,120,G,hydrophobic,hydrophobic_or_aromatic,2.804,CA,CA,3,len25_clusterA_noise0,design_11_0_rank1,clusterA,25,0.0
16,G,hydrophobic,121,A,hydrophobic,hydrophobic_or_aromatic,4.067,CA,N,3,len25_clusterA_noise0,design_11_0_rank1,clusterA,25,0.0
16,G,hydrophobic,119,G,hydrophobic,hydrophobic_or_aromatic,3.393,O,C,3,len25_clusterA_noise0,design_11_0_rank1,clusterA,25,0.0
17,A,hydrophobic,120,G,hydrophobic,hydrophobic_or_aromatic,4.16,N,CA,3,len25_clusterA_noise0,design_11_0_rank1,clusterA,25,0.0
19,A,hydrophobic,119,G,hydrophobic,hydrophobic_or_aromatic,3.205,CB,CA,3,len25_clusterA_noise0,design_11_0_rank1,clusterA,25,0.0
19,A,hydrophobic,118,Y,aromatic,hydrophobic_or_aromatic,4.195,CB,C,3,len25_clusterA_noise0,design_11_0_rank1,clusterA,25,0.0
20,A,hydrophobic,119,G,hydrophobic,hydrophobic_or_aromatic,3.892,N,CA,3,len25_clusterA_noise0,design_11_0_rank1,clusterA,25,0.0
8,T,polar,51,A,hydrophobic,mixed,3.318,CG2,O,4,len70_clusterB_noise0,design_19_0_rank1,clusterB,70,0.0
8,T,polar,52,A,hydrophobic,mixed,4.453,CG2,N,4,len70_clusterB_noise0,design_19_0_rank1,clusterB,70,0.0
12,V,hydrophobic,51,A,hydrophobic,hydrophobic_or_aromatic,3.512,CG2,O,4,len70_clusterB_noise0,design_19_0_rank1,clusterB,70,0.0
19,F,aromatic,56,Y,aromatic,hydrophobic_or_aromatic,3.685,CE1,CA,4,len70_clusterB_noise0,design_19_0_rank1,clusterB,70,0.0
19,F,aromatic,65,I,hydrophobic,hydrophobic_or_aromatic,4.233,CZ,O,4,len70_clusterB_noise0,design_19_0_rank1,clusterB,70,0.0
23,R,charged,61,D,charged,salt_bridge_compatible,3.491,NE,O,4,len70_clusterB_noise0,design_19_0_rank1,clusterB,70,0.0
23,R,charged,62,K,charged,salt_bridge_compatible,4.193,NH2,C,4,len70_clusterB_noise0,design_19_0_rank1,clusterB,70,0.0
23,R,charged,63,N,polar,hbond_compatible,3.091,NH2,N,4,len70_clusterB_noise0,design_19_0_rank1,clusterB,70,0.0
23,R,charged,76,V,hydrophobic,mixed,3.467,NH1,O,4,len70_clusterB_noise0,design_19_0_rank1,clusterB,70,0.0
26,S,polar,61,D,charged,hbond_compatible,4.189,OG,N,4,len70_clusterB_noise0,design_19_0_rank1,clusterB,70,0.0
27,K,charged,61,D,charged,salt_bridge_compatible,2.068,CE,O,4,len70_clusterB_noise0,design_19_0_rank1,clusterB,70,0.0
27,K,charged,62,K,charged,salt_bridge_compatible,4.073,CE,N,4,len70_clusterB_noise0,design_19_0_rank1,clusterB,70,0.0
30,V,hydrophobic,60,E,charged,mixed,4.088,CG2,CA,4,len70_clusterB_noise0,design_19_0_rank1,clusterB,70,0.0
57,A,hydrophobic,121,A,hydrophobic,hydrophobic_or_aromatic,3.516,O,O,4,len70_clusterB_noise0,design_19_0_rank1,clusterB,70,0.0
57,A,hydrophobic,122,D,charged,mixed,4.108,CB,CA,4,len70_clusterB_noise0,design_19_0_rank1,clusterB,70,0.0
61,S,polar,121,A,hydrophobic,mixed,1.787,OG,N,4,len70_clusterB_noise0,design_19_0_rank1,clusterB,70,0.0
61,S,polar,120,G,hydrophobic,mixed,3.236,OG,C,4,len70_clusterB_noise0,design_19_0_rank1,clusterB,70,0.0
61,S,polar,122,D,charged,hbond_compatible,3.883,OG,N,4,len70_clusterB_noise0,design_19_0_rank1,clusterB,70,0.0
64,I,hydrophobic,120,G,hydrophobic,hydrophobic_or_aromatic,3.851,CG2,CA,4,len70_clusterB_noise0,design_19_0_rank1,clusterB,70,0.0
64,I,hydrophobic,119,G,hydrophobic,hydrophobic_or_aromatic,3.745,CG2,CA,4,len70_clusterB_noise0,design_19_0_rank1,clusterB,70,0.0
68,R,charged,119,G,hydrophobic,mixed,2.427,NH1,CA,4,len70_clusterB_noise0,design_19_0_rank1,clusterB,70,0.0
68,R,charged,120,G,hydrophobic,mixed,4.451,NH1,N,4,len70_clusterB_noise0,design_19_0_rank1,clusterB,70,0.0
68,R,charged,118,Y,aromatic,mixed,3.535,NH1,C,4,len70_clusterB_noise0,design_19_0_rank1,clusterB,70,0.0
68,R,charged,52,A,hydrophobic,mixed,3.936,NH2,CA,4,len70_clusterB_noise0,design_19_0_rank1,clusterB,70,0.0
5,L,hydrophobic,123,Y,aromatic,hydrophobic_or_aromatic,4.339,CD2,O,5,len70_clusterA_noise0,design_3_0_rank7,clusterA,70,0.0
5,L,hydrophobic,124,K,charged,mixed,4.458,CD2,N,5,len70_clusterA_noise0,design_3_0_rank7,clusterA,70,0.0
11,R,charged,61,D,charged,salt_bridge_compatible,4.359,NH1,CA,5,len70_clusterA_noise0,design_3_0_rank7,clusterA,70,0.0
58,V,hydrophobic,120,G,hydrophobic,hydrophobic_or_aromatic,4.024,O,CA,5,len70_clusterA_noise0,design_3_0_rank7,clusterA,70,0.0
58,V,hydrophobic,121,A,hydrophobic,hydrophobic_or_aromatic,3.51,CG2,O,5,len70_clusterA_noise0,design_3_0_rank7,clusterA,70,0.0
61,V,hydrophobic,120,G,hydrophobic,hydrophobic_or_aromatic,2.916,CG1,O,5,len70_clusterA_noise0,design_3_0_rank7,clusterA,70,0.0
61,V,hydrophobic,121,A,hydrophobic,hydrophobic_or_aromatic,3.761,CG1,N,5,len70_clusterA_noise0,design_3_0_rank7,clusterA,70,0.0
61,V,hydrophobic,117,S,polar,mixed,4.167,CG1,CA,5,len70_clusterA_noise0,design_3_0_rank7,clusterA,70,0.0
61,V,hydrophobic,118,Y,aromatic,hydrophobic_or_aromatic,4.403,CG1,N,5,len70_clusterA_noise0,design_3_0_rank7,clusterA,70,0.0
62,A,hydrophobic,120,G,hydrophobic,hydrophobic_or_aromatic,3.85,N,CA,5,len70_clusterA_noise0,design_3_0_rank7,clusterA,70,0.0
62,A,hydrophobic,119,G,hydrophobic,hydrophobic_or_aromatic,3.816,CB,C,5,len70_clusterA_noise0,design_3_0_rank7,clusterA,70,0.0
65,C,polar,52,A,hydrophobic,mixed,2.96,SG,O,5,len70_clusterA_noise0,design_3_0_rank7,clusterA,70,0.0
65,C,polar,119,G,hydrophobic,mixed,3.418,SG,N,5,len70_clusterA_noise0,design_3_0_rank7,clusterA,70,0.0
65,C,polar,118,Y,aromatic,mixed,3.745,SG,CA,5,len70_clusterA_noise0,design_3_0_rank7,clusterA,70,0.0
65,C,polar,117,S,polar,hbond_compatible,4.338,SG,C,5,len70_clusterA_noise0,design_3_0_rank7,clusterA,70,0.0
68,A,hydrophobic,51,A,hydrophobic,hydrophobic_or_aromatic,3.25,CB,O,5,len70_clusterA_noise0,design_3_0_rank7,clusterA,70,0.0
69,S,polar,52,A,hydrophobic,mixed,4.148,OG,CA,5,len70_clusterA_noise0,design_3_0_rank7,clusterA,70,0.0
69,S,polar,51,A,hydrophobic,mixed,4.439,OG,C,5,len70_clusterA_noise0,design_3_0_rank7,clusterA,70,0.0
24,K,charged,115,M,hydrophobic,mixed,3.941,NZ,CA,6,len70_distributed_noise0,design_5_0_rank2,distributed,70,0.0
46,T,polar,120,G,hydrophobic,mixed,3.92,CG2,O,6,len70_distributed_noise0,design_5_0_rank2,distributed,70,0.0
49,A,hydrophobic,121,A,hydrophobic,hydrophobic_or_aromatic,3.249,CB,N,6,len70_distributed_noise0,design_5_0_rank2,distributed,70,0.0
49,A,hydrophobic,120,G,hydrophobic,hydrophobic_or_aromatic,4.47,CB,C,6,len70_distributed_noise0,design_5_0_rank2,distributed,70,0.0
6,R,charged,51,A,hydrophobic,mixed,3.066,CD,O,7,len70_clusterB_noise0,design_17_0_rank0,clusterB,70,0.0
6,R,charged,52,A,hydrophobic,mixed,4.309,CD,N,7,len70_clusterB_noise0,design_17_0_rank0,clusterB,70,0.0
17,F,aromatic,115,M,hydrophobic,hydrophobic_or_aromatic,3.628,CE1,CA,7,len70_clusterB_noise0,design_17_0_rank0,clusterB,70,0.0
17,F,aromatic,116,I,hydrophobic,hydrophobic_or_aromatic,4.347,CZ,N,7,len70_clusterB_noise0,design_17_0_rank0,clusterB,70,0.0
21,A,hydrophobic,61,D,charged,mixed,3.95,O,CA,7,len70_clusterB_noise0,design_17_0_rank0,clusterB,70,0.0
28,E,charged,60,E,charged,salt_bridge_compatible,3.729,OE1,CA,7,len70_clusterB_noise0,design_17_0_rank0,clusterB,70,0.0
53,A,hydrophobic,121,A,hydrophobic,hydrophobic_or_aromatic,3.948,O,O,7,len70_clusterB_noise0,design_17_0_rank0,clusterB,70,0.0
53,A,hydrophobic,122,D,charged,mixed,4.467,CB,CA,7,len70_clusterB_noise0,design_17_0_rank0,clusterB,70,0.0
57,A,hydrophobic,121,A,hydrophobic,hydrophobic_or_aromatic,3.371,CB,N,7,len70_clusterB_noise0,design_17_0_rank0,clusterB,70,0.0
57,A,hydrophobic,120,G,hydrophobic,hydrophobic_or_aromatic,3.839,CA,CA,7,len70_clusterB_noise0,design_17_0_rank0,clusterB,70,0.0
60,V,hydrophobic,120,G,hydrophobic,hydrophobic_or_aromatic,3.838,CG1,CA,7,len70_clusterB_noise0,design_17_0_rank0,clusterB,70,0.0
60,V,hydrophobic,119,G,hydrophobic,hydrophobic_or_aromatic,3.469,CG1,N,7,len70_clusterB_noise0,design_17_0_rank0,clusterB,70,0.0
1,G,hydrophobic,61,D,charged,mixed,4.3,CA,O,8,len100_clusterA_noise0,design_16_0_rank6,clusterA,100,0.0
2,L,hydrophobic,61,D,charged,mixed,3.976,CG,O,8,len100_clusterA_noise0,design_16_0_rank6,clusterA,100,0.0
53,V,hydrophobic,121,A,hydrophobic,hydrophobic_or_aromatic,3.287,CG1,O,8,len100_clusterA_noise0,design_16_0_rank6,clusterA,100,0.0
57,Q,polar,120,G,hydrophobic,mixed,3.446,CG,CA,8,len100_clusterA_noise0,design_16_0_rank6,clusterA,100,0.0
57,Q,polar,119,G,hydrophobic,mixed,3.655,CG,O,8,len100_clusterA_noise0,design_16_0_rank6,clusterA,100,0.0
57,Q,polar,121,A,hydrophobic,mixed,2.239,NE2,O,8,len100_clusterA_noise0,design_16_0_rank6,clusterA,100,0.0
57,Q,polar,19,F,aromatic,mixed,3.051,NE2,O,8,len100_clusterA_noise0,design_16_0_rank6,clusterA,100,0.0
57,Q,polar,122,D,charged,hbond_compatible,4.418,NE2,N,8,len100_clusterA_noise0,design_16_0_rank6,clusterA,100,0.0
60,A,hydrophobic,119,G,hydrophobic,hydrophobic_or_aromatic,2.765,CB,CA,8,len100_clusterA_noise0,design_16_0_rank6,clusterA,100,0.0
60,A,hydrophobic,120,G,hydrophobic,hydrophobic_or_aromatic,3.616,CB,N,8,len100_clusterA_noise0,design_16_0_rank6,clusterA,100,0.0
64,R,charged,118,Y,aromatic,mixed,4.022,NH2,O,8,len100_clusterA_noise0,design_16_0_rank6,clusterA,100,0.0
64,R,charged,119,G,hydrophobic,mixed,4.141,NH2,CA,8,len100_clusterA_noise0,design_16_0_rank6,clusterA,100,0.0
81,I,hydrophobic,119,G,hydrophobic,hydrophobic_or_aromatic,4.291,CG2,N,8,len100_clusterA_noise0,design_16_0_rank6,clusterA,100,0.0
81,I,hydrophobic,52,A,hydrophobic,hydrophobic_or_aromatic,4.258,CG2,CA,8,len100_clusterA_noise0,design_16_0_rank6,clusterA,100,0.0
82,G,hydrophobic,52,A,hydrophobic,hydrophobic_or_aromatic,4.128,CA,CA,8,len100_clusterA_noise0,design_16_0_rank6,clusterA,100,0.0
82,G,hydrophobic,51,A,hydrophobic,hydrophobic_or_aromatic,3.971,CA,O,8,len100_clusterA_noise0,design_16_0_rank6,clusterA,100,0.0
85,S,polar,120,G,hydrophobic,mixed,4.316,OG,CA,8,len100_clusterA_noise0,design_16_0_rank6,clusterA,100,0.0
85,S,polar,117,S,polar,hbond_compatible,3.726,OG,C,8,len100_clusterA_noise0,design_16_0_rank6,clusterA,100,0.0
85,S,polar,118,Y,aromatic,mixed,3.416,OG,N,8,len100_clusterA_noise0,design_16_0_rank6,clusterA,100,0.0
85,S,polar,52,A,hydrophobic,mixed,3.343,OG,O,8,len100_clusterA_noise0,design_16_0_rank6,clusterA,100,0.0
85,S,polar,119,G,hydrophobic,mixed,3.236,OG,N,8,len100_clusterA_noise0,design_16_0_rank6,clusterA,100,0.0
92,L,hydrophobic,123,Y,aromatic,hydrophobic_or_aromatic,3.572,CD2,N,8,len100_clusterA_noise0,design_16_0_rank6,clusterA,100,0.0
92,L,hydrophobic,122,D,charged,mixed,3.259,CD2,C,8,len100_clusterA_noise0,design_16_0_rank6,clusterA,100,0.0
92,L,hydrophobic,115,M,hydrophobic,hydrophobic_or_aromatic,4.324,CD2,CA,8,len100_clusterA_noise0,design_16_0_rank6,clusterA,100,0.0
42,R,charged,61,D,charged,salt_bridge_compatible,2.599,CZ,CA,9,len100_distributed_noise0,design_5_0_rank0,distributed,100,0.0
42,R,charged,60,E,charged,salt_bridge_compatible,4.225,NH2,C,9,len100_distributed_noise0,design_5_0_rank0,distributed,100,0.0
56,T,polar,121,A,hydrophobic,mixed,4.423,O,N,9,len100_distributed_noise0,design_5_0_rank0,distributed,100,0.0
56,T,polar,120,G,hydrophobic,mixed,3.972,CG2,O,9,len100_distributed_noise0,design_5_0_rank0,distributed,100,0.0
59,A,hydrophobic,121,A,hydrophobic,hydrophobic_or_aromatic,2.88,CB,N,9,len100_distributed_noise0,design_5_0_rank0,distributed,100,0.0
59,A,hydrophobic,120,G,hydrophobic,hydrophobic_or_aromatic,4.088,CB,C,9,len100_distributed_noise0,design_5_0_rank0,distributed,100,0.0
59,A,hydrophobic,122,D,charged,mixed,4.493,O,N,9,len100_distributed_noise0,design_5_0_rank0,distributed,100,0.0
60,L,hydrophobic,121,A,hydrophobic,hydrophobic_or_aromatic,3.774,N,O,9,len100_distributed_noise0,design_5_0_rank0,distributed,100,0.0
60,L,hydrophobic,122,D,charged,mixed,4.45,CA,N,9,len100_distributed_noise0,design_5_0_rank0,distributed,100,0.0
63,S,polar,123,Y,aromatic,mixed,3.073,OG,N,9,len100_distributed_noise0,design_5_0_rank0,distributed,100,0.0
63,S,polar,122,D,charged,hbond_compatible,3.28,OG,CA,9,len100_distributed_noise0,design_5_0_rank0,distributed,100,0.0
63,S,polar,121,A,hydrophobic,mixed,4.049,CB,O,9,len100_distributed_noise0,design_5_0_rank0,distributed,100,0.0
67,L,hydrophobic,125,R,charged,mixed,4.1,CD2,N,9,len100_distributed_noise0,design_5_0_rank0,distributed,100,0.0
67,L,hydrophobic,124,K,charged,mixed,4.08,CD2,CA,9,len100_distributed_noise0,design_5_0_rank0,distributed,100,0.0
67,L,hydrophobic,123,Y,aromatic,hydrophobic_or_aromatic,4.215,CD2,O,9,len100_distributed_noise0,design_5_0_rank0,distributed,100,0.0
4,T,polar,61,D,charged,hbond_compatible,3.102,CG2,C,10,len70_clusterA_noise0,design_16_0_rank5,clusterA,70,0.0
4,T,polar,60,E,charged,hbond_compatible,3.332,CG2,O,10,len70_clusterA_noise0,design_16_0_rank5,clusterA,70,0.0
4,T,polar,62,K,charged,hbond_compatible,3.097,CG2,N,10,len70_clusterA_noise0,design_16_0_rank5,clusterA,70,0.0
8,A,hydrophobic,61,D,charged,mixed,2.758,CB,O,10,len70_clusterA_noise0,design_16_0_rank5,clusterA,70,0.0
22,A,hydrophobic,51,A,hydrophobic,hydrophobic_or_aromatic,3.85,CB,O,10,len70_clusterA_noise0,design_16_0_rank5,clusterA,70,0.0
58,K,charged,121,A,hydrophobic,mixed,3.261,CE,O,10,len70_clusterA_noise0,design_16_0_rank5,clusterA,70,0.0
58,K,charged,19,F,aromatic,mixed,4.083,NZ,O,10,len70_clusterA_noise0,design_16_0_rank5,clusterA,70,0.0
59,T,polar,121,A,hydrophobic,mixed,4.397,OG1,N,10,len70_clusterA_noise0,design_16_0_rank5,clusterA,70,0.0
59,T,polar,120,G,hydrophobic,mixed,4.135,OG1,O,10,len70_clusterA_noise0,design_16_0_rank5,clusterA,70,0.0
62,A,hydrophobic,122,D,charged,mixed,4.427,CB,N,10,len70_clusterA_noise0,design_16_0_rank5,clusterA,70,0.0
66,M,hydrophobic,114,C,polar,mixed,3.735,CE,C,10,len70_clusterA_noise0,design_16_0_rank5,clusterA,70,0.0
66,M,hydrophobic,115,M,hydrophobic,hydrophobic_or_aromatic,3.685,CE,N,10,len70_clusterA_noise0,design_16_0_rank5,clusterA,70,0.0
66,M,hydrophobic,113,R,charged,mixed,3.759,CE,C,10,len70_clusterA_noise0,design_16_0_rank5,clusterA,70,0.0
1,S,polar,61,D,charged,hbond_compatible,3.531,N,CA,11,len25_clusterA_noise0,design_15_0_rank0,clusterA,25,0.0
4,L,hydrophobic,57,W,aromatic,hydrophobic_or_aromatic,4.13,CD1,C,11,len25_clusterA_noise0,design_15_0_rank0,clusterA,25,0.0
4,L,hydrophobic,58,E,charged,mixed,3.815,CD1,N,11,len25_clusterA_noise0,design_15_0_rank0,clusterA,25,0.0
4,L,hydrophobic,113,R,charged,mixed,4.371,CD1,O,11,len25_clusterA_noise0,design_15_0_rank0,clusterA,25,0.0
4,L,hydrophobic,56,Y,aromatic,hydrophobic_or_aromatic,4.085,CD2,CA,11,len25_clusterA_noise0,design_15_0_rank0,clusterA,25,0.0
8,R,charged,122,D,charged,salt_bridge_compatible,3.309,NE,O,11,len25_clusterA_noise0,design_15_0_rank0,clusterA,25,0.0
8,R,charged,115,M,hydrophobic,mixed,2.155,NH2,N,11,len25_clusterA_noise0,design_15_0_rank0,clusterA,25,0.0
8,R,charged,123,Y,aromatic,mixed,2.935,CZ,CA,11,len25_clusterA_noise0,design_15_0_rank0,clusterA,25,0.0
8,R,charged,114,C,polar,hbond_compatible,1.519,NH2,O,11,len25_clusterA_noise0,design_15_0_rank0,clusterA,25,0.0
8,R,charged,116,I,hydrophobic,mixed,4.406,NE,N,11,len25_clusterA_noise0,design_15_0_rank0,clusterA,25,0.0
8,R,charged,124,K,charged,salt_bridge_compatible,3.779,NH2,N,11,len25_clusterA_noise0,design_15_0_rank0,clusterA,25,0.0
8,R,charged,113,R,charged,salt_bridge_compatible,4.0,NH2,C,11,len25_clusterA_noise0,design_15_0_rank0,clusterA,25,0.0
11,A,hydrophobic,120,G,hydrophobic,hydrophobic_or_aromatic,4.129,CB,O,11,len25_clusterA_noise0,design_15_0_rank0,clusterA,25,0.0
12,A,hydrophobic,121,A,hydrophobic,hydrophobic_or_aromatic,4.404,CA,N,11,len25_clusterA_noise0,design_15_0_rank0,clusterA,25,0.0
15,A,hydrophobic,119,G,hydrophobic,hydrophobic_or_aromatic,3.772,CB,C,11,len25_clusterA_noise0,design_15_0_rank0,clusterA,25,0.0
15,A,hydrophobic,120,G,hydrophobic,hydrophobic_or_aromatic,3.41,CB,CA,11,len25_clusterA_noise0,design_15_0_rank0,clusterA,25,0.0
3,A,hydrophobic,75,K,charged,mixed,3.348,CB,O,12,len100_clusterA_noise0,design_13_0_rank4,clusterA,100,0.0
3,A,hydrophobic,76,V,hydrophobic,hydrophobic_or_aromatic,3.59,CB,O,12,len100_clusterA_noise0,design_13_0_rank4,clusterA,100,0.0
6,R,charged,76,V,hydrophobic,mixed,3.02,NH1,N,12,len100_clusterA_noise0,design_13_0_rank4,clusterA,100,0.0
6,R,charged,75,K,charged,salt_bridge_compatible,2.717,NH1,N,12,len100_clusterA_noise0,design_13_0_rank4,clusterA,100,0.0
6,R,charged,74,L,hydrophobic,mixed,3.729,NH1,N,12,len100_clusterA_noise0,design_13_0_rank4,clusterA,100,0.0
6,R,charged,73,D,charged,salt_bridge_compatible,3.148,NH2,CA,12,len100_clusterA_noise0,design_13_0_rank4,clusterA,100,0.0
17,N,polar,120,G,hydrophobic,mixed,4.25,O,CA,12,len100_clusterA_noise0,design_13_0_rank4,clusterA,100,0.0
18,G,hydrophobic,121,A,hydrophobic,hydrophobic_or_aromatic,3.627,CA,N,12,len100_clusterA_noise0,design_13_0_rank4,clusterA,100,0.0
18,G,hydrophobic,120,G,hydrophobic,hydrophobic_or_aromatic,4.281,CA,O,12,len100_clusterA_noise0,design_13_0_rank4,clusterA,100,0.0
21,A,hydrophobic,119,G,hydrophobic,hydrophobic_or_aromatic,3.684,CB,C,12,len100_clusterA_noise0,design_13_0_rank4,clusterA,100,0.0
21,A,hydrophobic,120,G,hydrophobic,hydrophobic_or_aromatic,3.568,CB,CA,12,len100_clusterA_noise0,design_13_0_rank4,clusterA,100,0.0
19,R,charged,61,D,charged,salt_bridge_compatible,2.318,NH1,CA,13,len100_distributed_noise0,design_18_0_rank1,distributed,100,0.0
19,R,charged,60,E,charged,salt_bridge_compatible,4.388,NH1,C,13,len100_distributed_noise0,design_18_0_rank1,distributed,100,0.0
35,T,polar,51,A,hydrophobic,mixed,4.479,CG2,O,13,len100_distributed_noise0,design_18_0_rank1,distributed,100,0.0
42,D,charged,121,A,hydrophobic,mixed,3.572,O,N,13,len100_distributed_noise0,design_18_0_rank1,distributed,100,0.0
42,D,charged,120,G,hydrophobic,mixed,3.114,OD1,CA,13,len100_distributed_noise0,design_18_0_rank1,distributed,100,0.0
42,D,charged,117,S,polar,hbond_compatible,4.059,OD2,C,13,len100_distributed_noise0,design_18_0_rank1,distributed,100,0.0
42,D,charged,118,Y,aromatic,mixed,3.959,OD2,N,13,len100_distributed_noise0,design_18_0_rank1,distributed,100,0.0
42,D,charged,119,G,hydrophobic,mixed,4.031,OD1,C,13,len100_distributed_noise0,design_18_0_rank1,distributed,100,0.0
42,D,charged,52,A,hydrophobic,mixed,4.282,OD2,O,13,len100_distributed_noise0,design_18_0_rank1,distributed,100,0.0
45,A,hydrophobic,121,A,hydrophobic,hydrophobic_or_aromatic,4.253,C,O,13,len100_distributed_noise0,design_18_0_rank1,distributed,100,0.0
46,G,hydrophobic,121,A,hydrophobic,hydrophobic_or_aromatic,3.14,CA,O,13,len100_distributed_noise0,design_18_0_rank1,distributed,100,0.0
46,G,hydrophobic,122,D,charged,mixed,4.223,CA,N,13,len100_distributed_noise0,design_18_0_rank1,distributed,100,0.0
45,E,charged,51,A,hydrophobic,mixed,4.286,OE2,O,14,len100_clusterB_noise05,design_0_0_rank1,clusterB,100,0.5
48,R,charged,52,A,hydrophobic,mixed,3.246,NH2,O,14,len100_clusterB_noise05,design_0_0_rank1,clusterB,100,0.5
48,R,charged,118,Y,aromatic,mixed,4.409,NH2,N,14,len100_clusterB_noise05,design_0_0_rank1,clusterB,100,0.5
48,R,charged,119,G,hydrophobic,mixed,4.157,NH2,N,14,len100_clusterB_noise05,design_0_0_rank1,clusterB,100,0.5
60,R,charged,61,D,charged,salt_bridge_compatible,2.93,CD,O,14,len100_clusterB_noise05,design_0_0_rank1,clusterB,100,0.5
64,K,charged,61,D,charged,salt_bridge_compatible,3.056,CE,CA,14,len100_clusterB_noise05,design_0_0_rank1,clusterB,100,0.5
64,K,charged,62,K,charged,salt_bridge_compatible,4.398,CE,N,14,len100_clusterB_noise05,design_0_0_rank1,clusterB,100,0.5
67,E,charged,60,E,charged,salt_bridge_compatible,2.695,OE2,CA,14,len100_clusterB_noise05,design_0_0_rank1,clusterB,100,0.5
67,E,charged,61,D,charged,salt_bridge_compatible,4.306,OE2,N,14,len100_clusterB_noise05,design_0_0_rank1,clusterB,100,0.5
86,A,hydrophobic,121,A,hydrophobic,hydrophobic_or_aromatic,4.023,O,O,14,len100_clusterB_noise05,design_0_0_rank1,clusterB,100,0.5
90,N,polar,121,A,hydrophobic,mixed,0.911,ND2,O,14,len100_clusterB_noise05,design_0_0_rank1,clusterB,100,0.5
90,N,polar,120,G,hydrophobic,mixed,3.031,OD1,O,14,len100_clusterB_noise05,design_0_0_rank1,clusterB,100,0.5
90,N,polar,122,D,charged,hbond_compatible,2.941,ND2,N,14,len100_clusterB_noise05,design_0_0_rank1,clusterB,100,0.5
90,N,polar,19,F,aromatic,mixed,4.448,ND2,O,14,len100_clusterB_noise05,design_0_0_rank1,clusterB,100,0.5
93,L,hydrophobic,120,G,hydrophobic,hydrophobic_or_aromatic,4.077,CD1,O,14,len100_clusterB_noise05,design_0_0_rank1,clusterB,100,0.5
94,T,polar,119,G,hydrophobic,mixed,3.406,OG1,C,14,len100_clusterB_noise05,design_0_0_rank1,clusterB,100,0.5
94,T,polar,120,G,hydrophobic,mixed,3.719,OG1,N,14,len100_clusterB_noise05,design_0_0_rank1,clusterB,100,0.5
97,D,charged,119,G,hydrophobic,mixed,3.296,OD2,CA,14,len100_clusterB_noise05,design_0_0_rank1,clusterB,100,0.5
27,A,hydrophobic,122,D,charged,mixed,3.311,CB,CA,15,len70_clusterB_noise0,design_15_0_rank2,clusterB,70,0.0
27,A,hydrophobic,121,A,hydrophobic,hydrophobic_or_aromatic,3.341,O,O,15,len70_clusterB_noise0,design_15_0_rank2,clusterB,70,0.0
27,A,hydrophobic,123,Y,aromatic,hydrophobic_or_aromatic,4.184,CB,N,15,len70_clusterB_noise0,design_15_0_rank2,clusterB,70,0.0
31,A,hydrophobic,121,A,hydrophobic,hydrophobic_or_aromatic,3.345,CB,N,15,len70_clusterB_noise0,design_15_0_rank2,clusterB,70,0.0
31,A,hydrophobic,120,G,hydrophobic,hydrophobic_or_aromatic,3.94,CA,CA,15,len70_clusterB_noise0,design_15_0_rank2,clusterB,70,0.0
34,I,hydrophobic,120,G,hydrophobic,hydrophobic_or_aromatic,3.327,CD1,CA,15,len70_clusterB_noise0,design_15_0_rank2,clusterB,70,0.0
34,I,hydrophobic,119,G,hydrophobic,hydrophobic_or_aromatic,3.817,CG2,CA,15,len70_clusterB_noise0,design_15_0_rank2,clusterB,70,0.0
52,R,charged,51,A,hydrophobic,mixed,3.274,CD,O,15,len70_clusterB_noise0,design_15_0_rank2,clusterB,70,0.0
67,R,charged,61,D,charged,salt_bridge_compatible,3.737,CD,O,15,len70_clusterB_noise0,design_15_0_rank2,clusterB,70,0.0
67,R,charged,76,V,hydrophobic,mixed,4.258,NH1,O,15,len70_clusterB_noise0,design_15_0_rank2,clusterB,70,0.0
70,A,hydrophobic,61,D,charged,mixed,4.012,CB,N,15,len70_clusterB_noise0,design_15_0_rank2,clusterB,70,0.0
9,A,hydrophobic,61,D,charged,mixed,3.915,O,O,16,len70_distributed_noise0,design_10_0_rank3,distributed,70,0.0
10,A,hydrophobic,61,D,charged,mixed,4.483,N,CA,16,len70_distributed_noise0,design_10_0_rank3,distributed,70,0.0
13,A,hydrophobic,61,D,charged,mixed,4.082,CB,O,16,len70_distributed_noise0,design_10_0_rank3,distributed,70,0.0
24,Q,polar,51,A,hydrophobic,mixed,1.708,NE2,O,16,len70_distributed_noise0,design_10_0_rank3,distributed,70,0.0
24,Q,polar,53,L,hydrophobic,mixed,3.767,NE2,N,16,len70_distributed_noise0,design_10_0_rank3,distributed,70,0.0
24,Q,polar,69,H,charged,hbond_compatible,3.674,OE1,N,16,len70_distributed_noise0,design_10_0_rank3,distributed,70,0.0
24,Q,polar,50,L,hydrophobic,mixed,4.209,NE2,O,16,len70_distributed_noise0,design_10_0_rank3,distributed,70,0.0
24,Q,polar,52,A,hydrophobic,mixed,3.32,NE2,N,16,len70_distributed_noise0,design_10_0_rank3,distributed,70,0.0
24,Q,polar,68,V,hydrophobic,mixed,3.886,OE1,C,16,len70_distributed_noise0,design_10_0_rank3,distributed,70,0.0
28,Q,polar,52,A,hydrophobic,mixed,2.399,NE2,CA,16,len70_distributed_noise0,design_10_0_rank3,distributed,70,0.0
28,Q,polar,51,A,hydrophobic,mixed,2.765,NE2,O,16,len70_distributed_noise0,design_10_0_rank3,distributed,70,0.0
28,Q,polar,53,L,hydrophobic,mixed,4.159,NE2,N,16,len70_distributed_noise0,design_10_0_rank3,distributed,70,0.0
48,A,hydrophobic,120,G,hydrophobic,hydrophobic_or_aromatic,4.048,CB,CA,16,len70_distributed_noise0,design_10_0_rank3,distributed,70,0.0
48,A,hydrophobic,119,G,hydrophobic,hydrophobic_or_aromatic,4.025,CB,C,16,len70_distributed_noise0,design_10_0_rank3,distributed,70,0.0
52,A,hydrophobic,121,A,hydrophobic,hydrophobic_or_aromatic,4.378,CA,CA,16,len70_distributed_noise0,design_10_0_rank3,distributed,70,0.0
55,A,hydrophobic,122,D,charged,mixed,4.341,CB,N,16,len70_distributed_noise0,design_10_0_rank3,distributed,70,0.0
55,A,hydrophobic,121,A,hydrophobic,hydrophobic_or_aromatic,3.894,CB,O,16,len70_distributed_noise0,design_10_0_rank3,distributed,70,0.0
59,M,hydrophobic,123,Y,aromatic,hydrophobic_or_aromatic,3.681,SD,CA,16,len70_distributed_noise0,design_10_0_rank3,distributed,70,0.0
63,R,charged,60,E,charged,salt_bridge_compatible,3.83,NH2,CA,16,len70_distributed_noise0,design_10_0_rank3,distributed,70,0.0
6,A,hydrophobic,62,K,charged,mixed,3.373,CB,N,17,len50_clusterB_noise0,design_19_0_rank0,clusterB,50,0.0
6,A,hydrophobic,61,D,charged,mixed,2.841,CB,O,17,len50_clusterB_noise0,design_19_0_rank0,clusterB,50,0.0
6,A,hydrophobic,60,E,charged,mixed,3.942,CB,O,17,len50_clusterB_noise0,design_19_0_rank0,clusterB,50,0.0
7,K,charged,61,D,charged,salt_bridge_compatible,4.475,N,O,17,len50_clusterB_noise0,design_19_0_rank0,clusterB,50,0.0
9,E,charged,76,V,hydrophobic,mixed,3.955,CB,O,17,len50_clusterB_noise0,design_19_0_rank0,clusterB,50,0.0
9,E,charged,78,H,charged,salt_bridge_compatible,3.257,OE2,CA,17,len50_clusterB_noise0,design_19_0_rank0,clusterB,50,0.0
9,E,charged,63,N,polar,hbond_compatible,3.244,OE1,N,17,len50_clusterB_noise0,design_19_0_rank0,clusterB,50,0.0
9,E,charged,62,K,charged,salt_bridge_compatible,3.995,OE1,CA,17,len50_clusterB_noise0,design_19_0_rank0,clusterB,50,0.0
10,Q,polar,61,D,charged,hbond_compatible,3.145,NE2,CA,17,len50_clusterB_noise0,design_19_0_rank0,clusterB,50,0.0
32,A,hydrophobic,52,A,hydrophobic,hydrophobic_or_aromatic,4.118,CA,CA,17,len50_clusterB_noise0,design_19_0_rank0,clusterB,50,0.0
32,A,hydrophobic,51,A,hydrophobic,hydrophobic_or_aromatic,2.983,CB,O,17,len50_clusterB_noise0,design_19_0_rank0,clusterB,50,0.0
35,N,polar,52,A,hydrophobic,mixed,1.679,ND2,O,17,len50_clusterB_noise0,design_19_0_rank0,clusterB,50,0.0
35,N,polar,118,Y,aromatic,mixed,3.227,OD1,CA,17,len50_clusterB_noise0,design_19_0_rank0,clusterB,50,0.0
35,N,polar,117,S,polar,hbond_compatible,3.902,OD1,C,17,len50_clusterB_noise0,design_19_0_rank0,clusterB,50,0.0
35,N,polar,119,G,hydrophobic,mixed,2.549,OD1,N,17,len50_clusterB_noise0,design_19_0_rank0,clusterB,50,0.0
35,N,polar,53,L,hydrophobic,mixed,3.606,ND2,N,17,len50_clusterB_noise0,design_19_0_rank0,clusterB,50,0.0
35,N,polar,120,G,hydrophobic,mixed,4.095,OD1,CA,17,len50_clusterB_noise0,design_19_0_rank0,clusterB,50,0.0
38,A,hydrophobic,121,A,hydrophobic,hydrophobic_or_aromatic,3.938,CB,N,17,len50_clusterB_noise0,design_19_0_rank0,clusterB,50,0.0
38,A,hydrophobic,120,G,hydrophobic,hydrophobic_or_aromatic,4.303,CB,C,17,len50_clusterB_noise0,design_19_0_rank0,clusterB,50,0.0
42,V,hydrophobic,115,M,hydrophobic,hydrophobic_or_aromatic,4.289,CG1,CA,17,len50_clusterB_noise0,design_19_0_rank0,clusterB,50,0.0
42,V,hydrophobic,122,D,charged,mixed,3.983,CG2,N,17,len50_clusterB_noise0,design_19_0_rank0,clusterB,50,0.0
5,K,charged,75,K,charged,salt_bridge_compatible,2.085,CE,CA,18,len100_clusterA_noise05,design_14_0_rank3,clusterA,100,0.5
5,K,charged,76,V,hydrophobic,mixed,3.544,CE,N,18,len100_clusterA_noise05,design_14_0_rank3,clusterA,100,0.5
12,R,charged,66,Q,polar,hbond_compatible,2.296,NH2,CA,18,len100_clusterA_noise05,design_14_0_rank3,clusterA,100,0.5
12,R,charged,65,I,hydrophobic,mixed,3.388,NH2,O,18,len100_clusterA_noise05,design_14_0_rank3,clusterA,100,0.5
12,R,charged,67,F,aromatic,mixed,4.323,NH2,N,18,len100_clusterA_noise05,design_14_0_rank3,clusterA,100,0.5
15,L,hydrophobic,120,G,hydrophobic,hydrophobic_or_aromatic,4.461,CD2,O,18,len100_clusterA_noise05,design_14_0_rank3,clusterA,100,0.5
22,K,charged,121,A,hydrophobic,mixed,3.657,NZ,O,18,len100_clusterA_noise05,design_14_0_rank3,clusterA,100,0.5
23,K,charged,123,Y,aromatic,mixed,3.562,NZ,O,18,len100_clusterA_noise05,design_14_0_rank3,clusterA,100,0.5
73,V,hydrophobic,51,A,hydrophobic,hydrophobic_or_aromatic,4.36,CG1,O,18,len100_clusterA_noise05,design_14_0_rank3,clusterA,100,0.5
74,T,polar,51,A,hydrophobic,mixed,4.085,OG1,O,18,len100_clusterA_noise05,design_14_0_rank3,clusterA,100,0.5
77,A,hydrophobic,119,G,hydrophobic,hydrophobic_or_aromatic,3.236,O,C,18,len100_clusterA_noise05,design_14_0_rank3,clusterA,100,0.5
77,A,hydrophobic,120,G,hydrophobic,hydrophobic_or_aromatic,3.719,O,N,18,len100_clusterA_noise05,design_14_0_rank3,clusterA,100,0.5
78,L,hydrophobic,120,G,hydrophobic,hydrophobic_or_aromatic,3.161,CD2,O,18,len100_clusterA_noise05,design_14_0_rank3,clusterA,100,0.5
78,L,hydrophobic,121,A,hydrophobic,hydrophobic_or_aromatic,3.728,CD2,N,18,len100_clusterA_noise05,design_14_0_rank3,clusterA,100,0.5
81,D,charged,119,G,hydrophobic,mixed,3.341,CB,O,18,len100_clusterA_noise05,design_14_0_rank3,clusterA,100,0.5
81,D,charged,120,G,hydrophobic,mixed,3.442,CB,CA,18,len100_clusterA_noise05,design_14_0_rank3,clusterA,100,0.5
81,D,charged,19,F,aromatic,mixed,3.347,OD1,N,18,len100_clusterA_noise05,design_14_0_rank3,clusterA,100,0.5
81,D,charged,121,A,hydrophobic,mixed,3.524,OD2,N,18,len100_clusterA_noise05,design_14_0_rank3,clusterA,100,0.5
81,D,charged,18,A,hydrophobic,mixed,4.367,OD1,C,18,len100_clusterA_noise05,design_14_0_rank3,clusterA,100,0.5
84,A,hydrophobic,18,A,hydrophobic,hydrophobic_or_aromatic,4.48,CB,N,18,len100_clusterA_noise05,design_14_0_rank3,clusterA,100,0.5
85,D,charged,18,A,hydrophobic,mixed,4.132,OD1,CA,18,len100_clusterA_noise05,design_14_0_rank3,clusterA,100,0.5
2,N,polar,122,D,charged,hbond_compatible,1.794,ND2,CA,19,len100_clusterA_noise05,design_3_0_rank2,clusterA,100,0.5
2,N,polar,121,A,hydrophobic,mixed,3.204,ND2,O,19,len100_clusterA_noise05,design_3_0_rank2,clusterA,100,0.5
2,N,polar,123,Y,aromatic,mixed,2.858,ND2,N,19,len100_clusterA_noise05,design_3_0_rank2,clusterA,100,0.5
6,I,hydrophobic,122,D,charged,mixed,3.63,CD1,N,19,len100_clusterA_noise05,design_3_0_rank2,clusterA,100,0.5
6,I,hydrophobic,121,A,hydrophobic,hydrophobic_or_aromatic,3.932,CD1,O,19,len100_clusterA_noise05,design_3_0_rank2,clusterA,100,0.5
86,K,charged,75,K,charged,salt_bridge_compatible,3.297,CD,O,19,len100_clusterA_noise05,design_3_0_rank2,clusterA,100,0.5
90,R,charged,76,V,hydrophobic,mixed,3.539,NH1,O,19,len100_clusterA_noise05,design_3_0_rank2,clusterA,100,0.5
97,G,hydrophobic,117,S,polar,mixed,3.489,O,CA,19,len100_clusterA_noise05,design_3_0_rank2,clusterA,100,0.5
97,G,hydrophobic,120,G,hydrophobic,hydrophobic_or_aromatic,3.096,O,O,19,len100_clusterA_noise05,design_3_0_rank2,clusterA,100,0.5
97,G,hydrophobic,121,A,hydrophobic,hydrophobic_or_aromatic,4.021,O,CA,19,len100_clusterA_noise05,design_3_0_rank2,clusterA,100,0.5
98,A,hydrophobic,121,A,hydrophobic,hydrophobic_or_aromatic,4.064,O,N,19,len100_clusterA_noise05,design_3_0_rank2,clusterA,100,0.5
98,A,hydrophobic,120,G,hydrophobic,hydrophobic_or_aromatic,4.34,O,CA,19,len100_clusterA_noise05,design_3_0_rank2,clusterA,100,0.5
99,V,hydrophobic,120,G,hydrophobic,hydrophobic_or_aromatic,4.379,C,CA,19,len100_clusterA_noise05,design_3_0_rank2,clusterA,100,0.5
100,T,polar,120,G,hydrophobic,mixed,2.027,O,N,19,len100_clusterA_noise05,design_3_0_rank2,clusterA,100,0.5
100,T,polar,119,G,hydrophobic,mixed,1.984,O,N,19,len100_clusterA_noise05,design_3_0_rank2,clusterA,100,0.5
100,T,polar,121,A,hydrophobic,mixed,4.213,C,N,19,len100_clusterA_noise05,design_3_0_rank2,clusterA,100,0.5
100,T,polar,118,Y,aromatic,mixed,3.203,O,C,19,len100_clusterA_noise05,design_3_0_rank2,clusterA,100,0.5
100,T,polar,117,S,polar,hbond_compatible,3.522,OG1,C,19,len100_clusterA_noise05,design_3_0_rank2,clusterA,100,0.5
100,T,polar,52,A,hydrophobic,mixed,4.009,CB,O,19,len100_clusterA_noise05,design_3_0_rank2,clusterA,100,0.5
73,E,charged,45,E,charged,salt_bridge_compatible,4.097,CG,O,20,len100_clusterA_noise0,design_10_0_rank3,clusterA,100,0.0
73,E,charged,46,K,charged,salt_bridge_compatible,3.923,OE2,CA,20,len100_clusterA_noise0,design_10_0_rank3,clusterA,100,0.0
79,D,charged,18,A,hydrophobic,mixed,3.043,OD1,N,20,len100_clusterA_noise0,design_10_0_rank3,clusterA,100,0.0
79,D,charged,19,F,aromatic,mixed,3.729,O,N,20,len100_clusterA_noise0,design_10_0_rank3,clusterA,100,0.0
80,K,charged,119,G,hydrophobic,mixed,2.056,O,C,20,len100_clusterA_noise0,design_10_0_rank3,clusterA,100,0.0
80,K,charged,120,G,hydrophobic,mixed,3.019,O,N,20,len100_clusterA_noise0,design_10_0_rank3,clusterA,100,0.0
80,K,charged,118,Y,aromatic,mixed,3.574,CG,O,20,len100_clusterA_noise0,design_10_0_rank3,clusterA,100,0.0
80,K,charged,43,P,hydrophobic,mixed,3.228,CE,O,20,len100_clusterA_noise0,design_10_0_rank3,clusterA,100,0.0
80,K,charged,44,V,hydrophobic,mixed,3.426,NZ,CA,20,len100_clusterA_noise0,design_10_0_rank3,clusterA,100,0.0
80,K,charged,45,E,charged,salt_bridge_compatible,3.38,NZ,N,20,len100_clusterA_noise0,design_10_0_rank3,clusterA,100,0.0
81,A,hydrophobic,119,G,hydrophobic,hydrophobic_or_aromatic,4.172,N,C,20,len100_clusterA_noise0,design_10_0_rank3,clusterA,100,0.0
83,S,polar,119,G,hydrophobic,mixed,3.33,CB,O,20,len100_clusterA_noise0,design_10_0_rank3,clusterA,100,0.0
83,S,polar,120,G,hydrophobic,mixed,3.445,OG,CA,20,len100_clusterA_noise0,design_10_0_rank3,clusterA,100,0.0
83,S,polar,19,F,aromatic,mixed,3.639,CB,N,20,len100_clusterA_noise0,design_10_0_rank3,clusterA,100,0.0
83,S,polar,121,A,hydrophobic,mixed,2.975,OG,N,20,len100_clusterA_noise0,design_10_0_rank3,clusterA,100,0.0
84,A,hydrophobic,119,G,hydrophobic,hydrophobic_or_aromatic,3.089,N,C,20,len100_clusterA_noise0,design_10_0_rank3,clusterA,100,0.0
84,A,hydrophobic,120,G,hydrophobic,hydrophobic_or_aromatic,3.403,N,CA,20,len100_clusterA_noise0,design_10_0_rank3,clusterA,100,0.0
24,A,hydrophobic,120,G,hydrophobic,hydrophobic_or_aromatic,3.857,O,CA,21,len100_clusterB_noise05,design_13_0_rank0,clusterB,100,0.5
24,A,hydrophobic,119,G,hydrophobic,hydrophobic_or_aromatic,4.015,CB,C,21,len100_clusterB_noise05,design_13_0_rank0,clusterB,100,0.5
27,R,charged,121,A,hydrophobic,mixed,2.801,CD,O,21,len100_clusterB_noise05,design_13_0_rank0,clusterB,100,0.5
28,R,charged,120,G,hydrophobic,mixed,3.444,CG,CA,21,len100_clusterB_noise05,design_13_0_rank0,clusterB,100,0.5
28,R,charged,119,G,hydrophobic,mixed,3.555,NH1,C,21,len100_clusterB_noise05,design_13_0_rank0,clusterB,100,0.5
35,V,hydrophobic,66,Q,polar,mixed,3.792,CG1,CA,21,len100_clusterB_noise05,design_13_0_rank0,clusterB,100,0.5
35,V,hydrophobic,56,Y,aromatic,hydrophobic_or_aromatic,4.151,CG2,CA,21,len100_clusterB_noise05,design_13_0_rank0,clusterB,100,0.5
38,G,hydrophobic,61,D,charged,mixed,3.712,O,O,21,len100_clusterB_noise05,design_13_0_rank0,clusterB,100,0.5
39,G,hydrophobic,61,D,charged,mixed,3.869,O,O,21,len100_clusterB_noise05,design_13_0_rank0,clusterB,100,0.5
16,L,hydrophobic,115,M,hydrophobic,hydrophobic_or_aromatic,3.713,CD1,CA,22,len100_clusterA_noise0,design_9_0_rank8,clusterA,100,0.0
17,R,charged,61,D,charged,salt_bridge_compatible,4.147,O,CA,22,len100_clusterA_noise0,design_9_0_rank8,clusterA,100,0.0
20,S,polar,61,D,charged,hbond_compatible,4.326,CB,N,22,len100_clusterA_noise0,design_9_0_rank8,clusterA,100,0.0
21,R,charged,61,D,charged,salt_bridge_compatible,3.542,CG,CA,22,len100_clusterA_noise0,design_9_0_rank8,clusterA,100,0.0
24,R,charged,60,E,charged,salt_bridge_compatible,4.487,NE,CA,22,len100_clusterA_noise0,design_9_0_rank8,clusterA,100,0.0
52,F,aromatic,123,Y,aromatic,hydrophobic_or_aromatic,3.386,CE2,N,22,len100_clusterA_noise0,design_9_0_rank8,clusterA,100,0.0
52,F,aromatic,122,D,charged,mixed,2.684,CE2,CA,22,len100_clusterA_noise0,design_9_0_rank8,clusterA,100,0.0
52,F,aromatic,121,A,hydrophobic,hydrophobic_or_aromatic,3.722,CE2,O,22,len100_clusterA_noise0,design_9_0_rank8,clusterA,100,0.0
56,G,hydrophobic,121,A,hydrophobic,hydrophobic_or_aromatic,4.216,CA,O,22,len100_clusterA_noise0,design_9_0_rank8,clusterA,100,0.0
56,G,hydrophobic,120,G,hydrophobic,hydrophobic_or_aromatic,4.5,O,CA,22,len100_clusterA_noise0,design_9_0_rank8,clusterA,100,0.0
60,A,hydrophobic,119,G,hydrophobic,hydrophobic_or_aromatic,4.224,CB,C,22,len100_clusterA_noise0,design_9_0_rank8,clusterA,100,0.0
20,N,polar,123,Y,aromatic,mixed,3.301,ND2,O,23,len70_clusterA_noise05,design_13_0_rank1,clusterA,70,0.5
21,Q,polar,121,A,hydrophobic,mixed,3.778,CG,O,23,len70_clusterA_noise05,design_13_0_rank1,clusterA,70,0.5
21,Q,polar,19,F,aromatic,mixed,4.249,NE2,O,23,len70_clusterA_noise05,design_13_0_rank1,clusterA,70,0.5
24,A,hydrophobic,122,D,charged,mixed,3.839,CB,N,23,len70_clusterA_noise05,design_13_0_rank1,clusterA,70,0.5
24,A,hydrophobic,121,A,hydrophobic,hydrophobic_or_aromatic,4.168,CB,C,23,len70_clusterA_noise05,design_13_0_rank1,clusterA,70,0.5
42,L,hydrophobic,51,A,hydrophobic,hydrophobic_or_aromatic,3.2,CD1,O,23,len70_clusterA_noise05,design_13_0_rank1,clusterA,70,0.5
42,L,hydrophobic,52,A,hydrophobic,hydrophobic_or_aromatic,3.941,CD1,CA,23,len70_clusterA_noise05,design_13_0_rank1,clusterA,70,0.5
46,T,polar,120,G,hydrophobic,mixed,3.616,CG2,O,23,len70_clusterA_noise05,design_13_0_rank1,clusterA,70,0.5
46,T,polar,117,S,polar,hbond_compatible,4.421,CG2,CA,23,len70_clusterA_noise05,design_13_0_rank1,clusterA,70,0.5
49,A,hydrophobic,119,G,hydrophobic,hydrophobic_or_aromatic,2.193,CB,C,23,len70_clusterA_noise05,design_13_0_rank1,clusterA,70,0.5
49,A,hydrophobic,120,G,hydrophobic,hydrophobic_or_aromatic,2.643,CB,N,23,len70_clusterA_noise05,design_13_0_rank1,clusterA,70,0.5
50,I,hydrophobic,121,A,hydrophobic,hydrophobic_or_aromatic,2.906,CG1,N,23,len70_clusterA_noise05,design_13_0_rank1,clusterA,70,0.5
50,I,hydrophobic,119,G,hydrophobic,hydrophobic_or_aromatic,4.003,N,O,23,len70_clusterA_noise05,design_13_0_rank1,clusterA,70,0.5
50,I,hydrophobic,120,G,hydrophobic,hydrophobic_or_aromatic,3.477,N,CA,23,len70_clusterA_noise05,design_13_0_rank1,clusterA,70,0.5
53,N,polar,18,A,hydrophobic,mixed,2.315,OD1,CA,23,len70_clusterA_noise05,design_13_0_rank1,clusterA,70,0.5
53,N,polar,19,F,aromatic,mixed,2.769,ND2,O,23,len70_clusterA_noise05,design_13_0_rank1,clusterA,70,0.5
53,N,polar,121,A,hydrophobic,mixed,4.231,ND2,O,23,len70_clusterA_noise05,design_13_0_rank1,clusterA,70,0.5
56,E,charged,18,A,hydrophobic,mixed,2.701,OE1,N,23,len70_clusterA_noise05,design_13_0_rank1,clusterA,70,0.5
19,A,hydrophobic,121,A,hydrophobic,hydrophobic_or_aromatic,4.298,CB,N,24,len50_distributed_noise0,design_4_0_rank0,distributed,50,0.0
19,A,hydrophobic,120,G,hydrophobic,hydrophobic_or_aromatic,3.541,CB,CA,24,len50_distributed_noise0,design_4_0_rank0,distributed,50,0.0
22,A,hydrophobic,52,A,hydrophobic,hydrophobic_or_aromatic,4.289,CB,O,24,len50_distributed_noise0,design_4_0_rank0,distributed,50,0.0
22,A,hydrophobic,51,A,hydrophobic,hydrophobic_or_aromatic,3.792,O,O,24,len50_distributed_noise0,design_4_0_rank0,distributed,50,0.0
32,N,polar,66,Q,polar,hbond_compatible,4.248,OD1,C,24,len50_distributed_noise0,design_4_0_rank0,distributed,50,0.0
39,L,hydrophobic,115,M,hydrophobic,hydrophobic_or_aromatic,4.41,CD2,CA,24,len50_distributed_noise0,design_4_0_rank0,distributed,50,0.0
43,K,charged,60,E,charged,salt_bridge_compatible,4.404,NZ,C,24,len50_distributed_noise0,design_4_0_rank0,distributed,50,0.0
43,K,charged,61,D,charged,salt_bridge_compatible,3.272,NZ,N,24,len50_distributed_noise0,design_4_0_rank0,distributed,50,0.0
2,Q,polar,75,K,charged,hbond_compatible,3.243,CA,O,25,len70_clusterA_noise0,design_7_0_rank6,clusterA,70,0.0
2,Q,polar,76,V,hydrophobic,mixed,2.778,CG,O,25,len70_clusterA_noise0,design_7_0_rank6,clusterA,70,0.0
2,Q,polar,78,H,charged,hbond_compatible,2.405,NE2,N,25,len70_clusterA_noise0,design_7_0_rank6,clusterA,70,0.0
2,Q,polar,77,Q,polar,hbond_compatible,2.788,NE2,C,25,len70_clusterA_noise0,design_7_0_rank6,clusterA,70,0.0
2,Q,polar,79,S,polar,hbond_compatible,4.263,OE1,N,25,len70_clusterA_noise0,design_7_0_rank6,clusterA,70,0.0
6,Q,polar,76,V,hydrophobic,mixed,3.318,NE2,O,25,len70_clusterA_noise0,design_7_0_rank6,clusterA,70,0.0
6,Q,polar,63,N,polar,hbond_compatible,3.51,NE2,N,25,len70_clusterA_noise0,design_7_0_rank6,clusterA,70,0.0
9,F,aromatic,66,Q,polar,mixed,4.254,CZ,CA,25,len70_clusterA_noise0,design_7_0_rank6,clusterA,70,0.0
9,F,aromatic,55,V,hydrophobic,hydrophobic_or_aromatic,3.499,CZ,O,25,len70_clusterA_noise0,design_7_0_rank6,clusterA,70,0.0
9,F,aromatic,67,F,aromatic,hydrophobic_or_aromatic,3.755,CE1,O,25,len70_clusterA_noise0,design_7_0_rank6,clusterA,70,0.0
9,F,aromatic,68,V,hydrophobic,hydrophobic_or_aromatic,4.415,CE1,N,25,len70_clusterA_noise0,design_7_0_rank6,clusterA,70,0.0
9,F,aromatic,56,Y,aromatic,hydrophobic_or_aromatic,3.976,CE2,CA,25,len70_clusterA_noise0,design_7_0_rank6,clusterA,70,0.0
16,Q,polar,120,G,hydrophobic,mixed,4.308,O,CA,25,len70_clusterA_noise0,design_7_0_rank6,clusterA,70,0.0
16,Q,polar,52,A,hydrophobic,mixed,4.079,NE2,O,25,len70_clusterA_noise0,design_7_0_rank6,clusterA,70,0.0
16,Q,polar,117,S,polar,hbond_compatible,3.619,OE1,CA,25,len70_clusterA_noise0,design_7_0_rank6,clusterA,70,0.0
16,Q,polar,118,Y,aromatic,mixed,4.42,OE1,N,25,len70_clusterA_noise0,design_7_0_rank6,clusterA,70,0.0
20,A,hydrophobic,119,G,hydrophobic,hydrophobic_or_aromatic,3.684,CB,C,25,len70_clusterA_noise0,design_7_0_rank6,clusterA,70,0.0
20,A,hydrophobic,120,G,hydrophobic,hydrophobic_or_aromatic,3.567,CB,CA,25,len70_clusterA_noise0,design_7_0_rank6,clusterA,70,0.0
10,N,polar,61,D,charged,hbond_compatible,4.162,OD1,CA,26,len70_distributed_noise05,design_14_0_rank0,distributed,70,0.5
17,Y,aromatic,73,D,charged,mixed,4.16,OH,CA,26,len70_distributed_noise05,design_14_0_rank0,distributed,70,0.5
34,R,charged,119,G,hydrophobic,mixed,1.463,NH2,N,26,len70_distributed_noise05,design_14_0_rank0,distributed,70,0.5
34,R,charged,120,G,hydrophobic,mixed,3.021,NH2,N,26,len70_distributed_noise05,design_14_0_rank0,distributed,70,0.5
34,R,charged,118,Y,aromatic,mixed,2.573,NH2,C,26,len70_distributed_noise05,design_14_0_rank0,distributed,70,0.5
38,I,hydrophobic,120,G,hydrophobic,hydrophobic_or_aromatic,3.794,CG1,O,26,len70_distributed_noise05,design_14_0_rank0,distributed,70,0.5
41,A,hydrophobic,121,A,hydrophobic,hydrophobic_or_aromatic,4.084,CB,N,26,len70_distributed_noise05,design_14_0_rank0,distributed,70,0.5
45,K,charged,123,Y,aromatic,mixed,3.233,NZ,O,26,len70_distributed_noise05,design_14_0_rank0,distributed,70,0.5
45,K,charged,122,D,charged,salt_bridge_compatible,3.664,NZ,CA,26,len70_distributed_noise05,design_14_0_rank0,distributed,70,0.5
1,M,hydrophobic,75,K,charged,mixed,2.546,O,C,27,len50_clusterA_noise0,design_9_0_rank0,clusterA,50,0.0
1,M,hydrophobic,76,V,hydrophobic,hydrophobic_or_aromatic,1.915,O,N,27,len50_clusterA_noise0,design_9_0_rank0,clusterA,50,0.0
1,M,hydrophobic,77,Q,polar,mixed,4.236,O,N,27,len50_clusterA_noise0,design_9_0_rank0,clusterA,50,0.0
1,M,hydrophobic,73,D,charged,mixed,4.266,O,O,27,len50_clusterA_noise0,design_9_0_rank0,clusterA,50,0.0
2,T,polar,75,K,charged,hbond_compatible,3.846,CA,O,27,len50_clusterA_noise0,design_9_0_rank0,clusterA,50,0.0
2,T,polar,76,V,hydrophobic,mixed,3.051,CA,CA,27,len50_clusterA_noise0,design_9_0_rank0,clusterA,50,0.0
3,R,charged,76,V,hydrophobic,mixed,3.092,N,CA,27,len50_clusterA_noise0,design_9_0_rank0,clusterA,50,0.0
3,R,charged,63,N,polar,hbond_compatible,3.336,NH1,N,27,len50_clusterA_noise0,design_9_0_rank0,clusterA,50,0.0
3,R,charged,61,D,charged,salt_bridge_compatible,1.28,NH1,O,27,len50_clusterA_noise0,design_9_0_rank0,clusterA,50,0.0
3,R,charged,62,K,charged,salt_bridge_compatible,2.957,NH1,N,27,len50_clusterA_noise0,design_9_0_rank0,clusterA,50,0.0
3,R,charged,58,E,charged,salt_bridge_compatible,4.159,NH2,CA,27,len50_clusterA_noise0,design_9_0_rank0,clusterA,50,0.0
42,A,hydrophobic,121,A,hydrophobic,hydrophobic_or_aromatic,3.951,CB,O,27,len50_clusterA_noise0,design_9_0_rank0,clusterA,50,0.0
9,R,charged,61,D,charged,salt_bridge_compatible,0.904,NH2,CA,28,len50_clusterA_noise05,design_0_0_rank0,clusterA,50,0.5
9,R,charged,60,E,charged,salt_bridge_compatible,3.252,NH2,C,28,len50_clusterA_noise05,design_0_0_rank0,clusterA,50,0.5
9,R,charged,62,K,charged,salt_bridge_compatible,3.114,NH2,N,28,len50_clusterA_noise05,design_0_0_rank0,clusterA,50,0.5
13,R,charged,63,N,polar,hbond_compatible,1.753,NH2,CA,28,len50_clusterA_noise05,design_0_0_rank0,clusterA,50,0.5
13,R,charged,62,K,charged,salt_bridge_compatible,3.409,NH2,C,28,len50_clusterA_noise05,design_0_0_rank0,clusterA,50,0.5
13,R,charged,57,W,aromatic,mixed,3.79,NH2,O,28,len50_clusterA_noise05,design_0_0_rank0,clusterA,50,0.5
13,R,charged,58,E,charged,salt_bridge_compatible,3.435,NH1,CA,28,len50_clusterA_noise05,design_0_0_rank0,clusterA,50,0.5
13,R,charged,64,I,hydrophobic,mixed,3.454,NH2,N,28,len50_clusterA_noise05,design_0_0_rank0,clusterA,50,0.5
20,R,charged,73,D,charged,salt_bridge_compatible,2.643,NH1,CA,28,len50_clusterA_noise05,design_0_0_rank0,clusterA,50,0.5
20,R,charged,72,E,charged,salt_bridge_compatible,4.175,NH2,O,28,len50_clusterA_noise05,design_0_0_rank0,clusterA,50,0.5
32,Y,aromatic,120,G,hydrophobic,hydrophobic_or_aromatic,0.639,CE1,O,28,len50_clusterA_noise05,design_0_0_rank0,clusterA,50,0.5
32,Y,aromatic,121,A,hydrophobic,hydrophobic_or_aromatic,2.331,CE1,CA,28,len50_clusterA_noise05,design_0_0_rank0,clusterA,50,0.5
32,Y,aromatic,117,S,polar,mixed,2.081,CZ,CA,28,len50_clusterA_noise05,design_0_0_rank0,clusterA,50,0.5
32,Y,aromatic,119,G,hydrophobic,hydrophobic_or_aromatic,4.092,CD1,O,28,len50_clusterA_noise05,design_0_0_rank0,clusterA,50,0.5
32,Y,aromatic,118,Y,aromatic,hydrophobic_or_aromatic,3.064,CE1,N,28,len50_clusterA_noise05,design_0_0_rank0,clusterA,50,0.5
32,Y,aromatic,122,D,charged,mixed,3.22,OH,N,28,len50_clusterA_noise05,design_0_0_rank0,clusterA,50,0.5
32,Y,aromatic,116,I,hydrophobic,hydrophobic_or_aromatic,1.388,OH,O,28,len50_clusterA_noise05,design_0_0_rank0,clusterA,50,0.5
35,A,hydrophobic,121,A,hydrophobic,hydrophobic_or_aromatic,4.433,CB,N,28,len50_clusterA_noise05,design_0_0_rank0,clusterA,50,0.5
36,L,hydrophobic,121,A,hydrophobic,hydrophobic_or_aromatic,3.834,CD1,C,28,len50_clusterA_noise05,design_0_0_rank0,clusterA,50,0.5
36,L,hydrophobic,122,D,charged,mixed,3.336,CD1,N,28,len50_clusterA_noise05,design_0_0_rank0,clusterA,50,0.5
36,L,hydrophobic,123,Y,aromatic,hydrophobic_or_aromatic,4.232,CD1,N,28,len50_clusterA_noise05,design_0_0_rank0,clusterA,50,0.5
39,K,charged,122,D,charged,salt_bridge_compatible,4.236,CD,CA,28,len50_clusterA_noise05,design_0_0_rank0,clusterA,50,0.5
39,K,charged,121,A,hydrophobic,mixed,3.983,CD,O,28,len50_clusterA_noise05,design_0_0_rank0,clusterA,50,0.5
39,K,charged,20,T,polar,hbond_compatible,4.184,NZ,CA,28,len50_clusterA_noise05,design_0_0_rank0,clusterA,50,0.5
39,K,charged,19,F,aromatic,mixed,3.891,NZ,O,28,len50_clusterA_noise05,design_0_0_rank0,clusterA,50,0.5
15,D,charged,52,A,hydrophobic,mixed,4.231,OD2,O,29,len100_distributed_noise0,design_15_0_rank5,distributed,100,0.0
26,L,hydrophobic,114,C,polar,mixed,4.153,CD1,C,29,len100_distributed_noise0,design_15_0_rank5,distributed,100,0.0
26,L,hydrophobic,115,M,hydrophobic,hydrophobic_or_aromatic,3.903,CD1,N,29,len100_distributed_noise0,design_15_0_rank5,distributed,100,0.0
27,R,charged,61,D,charged,salt_bridge_compatible,2.71,O,CA,29,len100_distributed_noise0,design_15_0_rank5,distributed,100,0.0
27,R,charged,62,K,charged,salt_bridge_compatible,3.834,CD,C,29,len100_distributed_noise0,design_15_0_rank5,distributed,100,0.0
27,R,charged,63,N,polar,hbond_compatible,3.209,CD,CA,29,len100_distributed_noise0,design_15_0_rank5,distributed,100,0.0
27,R,charged,58,E,charged,salt_bridge_compatible,4.446,CG,CA,29,len100_distributed_noise0,design_15_0_rank5,distributed,100,0.0
27,R,charged,76,V,hydrophobic,mixed,3.684,NH1,O,29,len100_distributed_noise0,design_15_0_rank5,distributed,100,0.0
29,T,polar,61,D,charged,hbond_compatible,4.152,CG2,O,29,len100_distributed_noise0,design_15_0_rank5,distributed,100,0.0
63,A,hydrophobic,119,G,hydrophobic,hydrophobic_or_aromatic,4.45,O,C,29,len100_distributed_noise0,design_15_0_rank5,distributed,100,0.0
63,A,hydrophobic,120,G,hydrophobic,hydrophobic_or_aromatic,4.465,O,CA,29,len100_distributed_noise0,design_15_0_rank5,distributed,100,0.0
66,A,hydrophobic,120,G,hydrophobic,hydrophobic_or_aromatic,3.559,CB,N,29,len100_distributed_noise0,design_15_0_rank5,distributed,100,0.0
66,A,hydrophobic,121,A,hydrophobic,hydrophobic_or_aromatic,3.368,O,N,29,len100_distributed_noise0,design_15_0_rank5,distributed,100,0.0
66,A,hydrophobic,119,G,hydrophobic,hydrophobic_or_aromatic,3.412,CB,O,29,len100_distributed_noise0,design_15_0_rank5,distributed,100,0.0
67,R,charged,121,A,hydrophobic,mixed,3.807,CA,N,29,len100_distributed_noise0,design_15_0_rank5,distributed,100,0.0
67,R,charged,120,G,hydrophobic,mixed,3.546,CG,CA,29,len100_distributed_noise0,design_15_0_rank5,distributed,100,0.0
69,A,hydrophobic,121,A,hydrophobic,hydrophobic_or_aromatic,3.979,C,O,29,len100_distributed_noise0,design_15_0_rank5,distributed,100,0.0
70,G,hydrophobic,121,A,hydrophobic,hydrophobic_or_aromatic,2.036,CA,O,29,len100_distributed_noise0,design_15_0_rank5,distributed,100,0.0
70,G,hydrophobic,122,D,charged,mixed,3.648,CA,N,29,len100_distributed_noise0,design_15_0_rank5,distributed,100,0.0
71,L,hydrophobic,121,A,hydrophobic,hydrophobic_or_aromatic,4.129,N,O,29,len100_distributed_noise0,design_15_0_rank5,distributed,100,0.0
74,I,hydrophobic,123,Y,aromatic,hydrophobic_or_aromatic,3.412,CG1,N,29,len100_distributed_noise0,design_15_0_rank5,distributed,100,0.0
74,I,hydrophobic,122,D,charged,mixed,3.477,CD1,C,29,len100_distributed_noise0,design_15_0_rank5,distributed,100,0.0
3,L,hydrophobic,52,A,hydrophobic,hydrophobic_or_aromatic,3.654,CD2,CA,30,len70_clusterB_noise05,design_17_0_rank0,clusterB,70,0.5
7,N,polar,52,A,hydrophobic,mixed,3.724,ND2,O,30,len70_clusterB_noise05,design_17_0_rank0,clusterB,70,0.5
7,N,polar,51,A,hydrophobic,mixed,4.313,ND2,O,30,len70_clusterB_noise05,design_17_0_rank0,clusterB,70,0.5
25,K,charged,60,E,charged,salt_bridge_compatible,3.908,NZ,O,30,len70_clusterB_noise05,design_17_0_rank0,clusterB,70,0.5
25,K,charged,62,K,charged,salt_bridge_compatible,4.448,NZ,N,30,len70_clusterB_noise05,design_17_0_rank0,clusterB,70,0.5
25,K,charged,61,D,charged,salt_bridge_compatible,4.162,NZ,C,30,len70_clusterB_noise05,design_17_0_rank0,clusterB,70,0.5
54,R,charged,61,D,charged,salt_bridge_compatible,3.174,NH1,CA,30,len70_clusterB_noise05,design_17_0_rank0,clusterB,70,0.5
62,C,polar,121,A,hydrophobic,mixed,3.473,O,O,30,len70_clusterB_noise05,design_17_0_rank0,clusterB,70,0.5
62,C,polar,123,Y,aromatic,mixed,4.432,SG,N,30,len70_clusterB_noise05,design_17_0_rank0,clusterB,70,0.5
62,C,polar,122,D,charged,hbond_compatible,4.229,SG,C,30,len70_clusterB_noise05,design_17_0_rank0,clusterB,70,0.5
65,L,hydrophobic,121,A,hydrophobic,hydrophobic_or_aromatic,2.677,C,N,30,len70_clusterB_noise05,design_17_0_rank0,clusterB,70,0.5
65,L,hydrophobic,120,G,hydrophobic,hydrophobic_or_aromatic,2.228,O,CA,30,len70_clusterB_noise05,design_17_0_rank0,clusterB,70,0.5
65,L,hydrophobic,119,G,hydrophobic,hydrophobic_or_aromatic,3.651,O,O,30,len70_clusterB_noise05,design_17_0_rank0,clusterB,70,0.5
65,L,hydrophobic,117,S,polar,mixed,4.153,CD1,CA,30,len70_clusterB_noise05,design_17_0_rank0,clusterB,70,0.5
66,Q,polar,121,A,hydrophobic,mixed,2.333,CG,O,30,len70_clusterB_noise05,design_17_0_rank0,clusterB,70,0.5
66,Q,polar,120,G,hydrophobic,mixed,4.133,N,C,30,len70_clusterB_noise05,design_17_0_rank0,clusterB,70,0.5
66,Q,polar,19,F,aromatic,mixed,4.369,CG,O,30,len70_clusterB_noise05,design_17_0_rank0,clusterB,70,0.5
66,Q,polar,122,D,charged,hbond_compatible,4.31,NE2,CA,30,len70_clusterB_noise05,design_17_0_rank0,clusterB,70,0.5
68,F,aromatic,119,G,hydrophobic,hydrophobic_or_aromatic,3.593,C,C,30,len70_clusterB_noise05,design_17_0_rank0,clusterB,70,0.5
68,F,aromatic,120,G,hydrophobic,hydrophobic_or_aromatic,4.03,C,N,30,len70_clusterB_noise05,design_17_0_rank0,clusterB,70,0.5
69,A,hydrophobic,119,G,hydrophobic,hydrophobic_or_aromatic,1.707,CB,O,30,len70_clusterB_noise05,design_17_0_rank0,clusterB,70,0.5
69,A,hydrophobic,120,G,hydrophobic,hydrophobic_or_aromatic,2.147,CB,N,30,len70_clusterB_noise05,design_17_0_rank0,clusterB,70,0.5
69,A,hydrophobic,121,A,hydrophobic,hydrophobic_or_aromatic,4.308,CB,N,30,len70_clusterB_noise05,design_17_0_rank0,clusterB,70,0.5
69,A,hydrophobic,118,Y,aromatic,hydrophobic_or_aromatic,4.139,CB,O,30,len70_clusterB_noise05,design_17_0_rank0,clusterB,70,0.5
70,K,charged,119,G,hydrophobic,mixed,4.421,N,C,30,len70_clusterB_noise05,design_17_0_rank0,clusterB,70,0.5
3,L,hydrophobic,56,Y,aromatic,hydrophobic_or_aromatic,4.258,CD1,CA,31,len70_clusterA_noise0,design_10_0_rank1,clusterA,70,0.0
10,S,polar,52,A,hydrophobic,mixed,3.096,OG,O,31,len70_clusterA_noise0,design_10_0_rank1,clusterA,70,0.0
10,S,polar,118,Y,aromatic,mixed,4.235,OG,N,31,len70_clusterA_noise0,design_10_0_rank1,clusterA,70,0.0
10,S,polar,117,S,polar,hbond_compatible,4.094,OG,C,31,len70_clusterA_noise0,design_10_0_rank1,clusterA,70,0.0
10,S,polar,119,G,hydrophobic,mixed,4.485,OG,N,31,len70_clusterA_noise0,design_10_0_rank1,clusterA,70,0.0
14,S,polar,119,G,hydrophobic,mixed,3.099,OG,CA,31,len70_clusterA_noise0,design_10_0_rank1,clusterA,70,0.0
14,S,polar,120,G,hydrophobic,mixed,4.155,OG,N,31,len70_clusterA_noise0,design_10_0_rank1,clusterA,70,0.0
32,L,hydrophobic,119,G,hydrophobic,hydrophobic_or_aromatic,4.316,O,C,31,len70_clusterA_noise0,design_10_0_rank1,clusterA,70,0.0
35,G,hydrophobic,119,G,hydrophobic,hydrophobic_or_aromatic,3.149,CA,O,31,len70_clusterA_noise0,design_10_0_rank1,clusterA,70,0.0
35,G,hydrophobic,120,G,hydrophobic,hydrophobic_or_aromatic,2.855,O,CA,31,len70_clusterA_noise0,design_10_0_rank1,clusterA,70,0.0
35,G,hydrophobic,121,A,hydrophobic,hydrophobic_or_aromatic,3.543,O,N,31,len70_clusterA_noise0,design_10_0_rank1,clusterA,70,0.0
36,A,hydrophobic,119,G,hydrophobic,hydrophobic_or_aromatic,3.996,N,C,31,len70_clusterA_noise0,design_10_0_rank1,clusterA,70,0.0
36,A,hydrophobic,120,G,hydrophobic,hydrophobic_or_aromatic,4.065,N,CA,31,len70_clusterA_noise0,design_10_0_rank1,clusterA,70,0.0
38,A,hydrophobic,121,A,hydrophobic,hydrophobic_or_aromatic,3.482,CB,O,31,len70_clusterA_noise0,design_10_0_rank1,clusterA,70,0.0
39,A,hydrophobic,121,A,hydrophobic,hydrophobic_or_aromatic,3.972,N,N,31,len70_clusterA_noise0,design_10_0_rank1,clusterA,70,0.0
39,A,hydrophobic,120,G,hydrophobic,hydrophobic_or_aromatic,3.891,CB,O,31,len70_clusterA_noise0,design_10_0_rank1,clusterA,70,0.0
42,L,hydrophobic,121,A,hydrophobic,hydrophobic_or_aromatic,3.136,CD1,C,31,len70_clusterA_noise0,design_10_0_rank1,clusterA,70,0.0
42,L,hydrophobic,122,D,charged,mixed,3.04,CD1,N,31,len70_clusterA_noise0,design_10_0_rank1,clusterA,70,0.0
