rank,condition_id,hotspot_config,target_resnum,binder_aa,binder_class,native_pd1_aas,native_pd1_classes,mimicry
1,len70_clusterA_noise05,clusterA,120,R,charged,E,charged,same_class
1,len70_clusterA_noise05,clusterA,120,A,hydrophobic,E,charged,novel
1,len70_clusterA_noise05,clusterA,120,Q,polar,E,charged,novel
2,len70_distributed_noise0,distributed,120,T,polar,E,charged,novel
2,len70_distributed_noise0,distributed,120,A,hydrophobic,E,charged,novel
2,len70_distributed_noise0,distributed,122,A,hydrophobic,"I,K,N,Y","aromatic,charged,hydrophobic,polar",same_class
2,len70_distributed_noise0,distributed,113,M,hydrophobic,"E,I","charged,hydrophobic",same_class
3,len25_clusterA_noise0,clusterA,120,A,hydrophobic,E,charged,novel
3,len25_clusterA_noise0,clusterA,120,G,hydrophobic,E,charged,novel
3,len25_clusterA_noise0,clusterA,120,A,hydrophobic,E,charged,novel
4,len70_clusterB_noise0,clusterB,56,F,aromatic,"A,I,Q","hydrophobic,polar",novel
5,len70_clusterA_noise0,clusterA,120,V,hydrophobic,E,charged,novel
5,len70_clusterA_noise0,clusterA,120,V,hydrophobic,E,charged,novel
5,len70_clusterA_noise0,clusterA,120,A,hydrophobic,E,charged,novel
6,len70_distributed_noise0,distributed,120,T,polar,E,charged,novel
6,len70_distributed_noise0,distributed,120,A,hydrophobic,E,charged,novel
8,len100_clusterA_noise0,clusterA,120,Q,polar,E,charged,novel
8,len100_clusterA_noise0,clusterA,122,Q,polar,"I,K,N,Y","aromatic,charged,hydrophobic,polar",same_class
8,len100_clusterA_noise0,clusterA,120,A,hydrophobic,E,charged,novel
8,len100_clusterA_noise0,clusterA,120,S,polar,E,charged,novel
8,len100_clusterA_noise0,clusterA,122,L,hydrophobic,"I,K,N,Y","aromatic,charged,hydrophobic,polar",same_class
9,len100_distributed_noise0,distributed,120,T,polar,E,charged,novel
9,len100_distributed_noise0,distributed,120,A,hydrophobic,E,charged,novel
9,len100_distributed_noise0,distributed,122,A,hydrophobic,"I,K,N,Y","aromatic,charged,hydrophobic,polar",same_class
9,len100_distributed_noise0,distributed,122,L,hydrophobic,"I,K,N,Y","aromatic,charged,hydrophobic,polar",same_class
9,len100_distributed_noise0,distributed,122,S,polar,"I,K,N,Y","aromatic,charged,hydrophobic,polar",same_class
9,len100_distributed_noise0,distributed,125,L,hydrophobic,"N,Q",polar,novel
10,len70_clusterA_noise0,clusterA,120,T,polar,E,charged,novel
10,len70_clusterA_noise0,clusterA,122,A,hydrophobic,"I,K,N,Y","aromatic,charged,hydrophobic,polar",same_class
11,len25_clusterA_noise0,clusterA,122,R,charged,"I,K,N,Y","aromatic,charged,hydrophobic,polar",same_class
11,len25_clusterA_noise0,clusterA,120,A,hydrophobic,E,charged,novel
11,len25_clusterA_noise0,clusterA,120,A,hydrophobic,E,charged,novel
12,len100_clusterA_noise0,clusterA,120,N,polar,E,charged,novel
12,len100_clusterA_noise0,clusterA,120,G,hydrophobic,E,charged,novel
12,len100_clusterA_noise0,clusterA,120,A,hydrophobic,E,charged,novel
13,len100_distributed_noise0,distributed,120,D,charged,E,charged,same_class
13,len100_distributed_noise0,distributed,122,G,hydrophobic,"I,K,N,Y","aromatic,charged,hydrophobic,polar",same_class
15,len70_clusterB_noise0,clusterB,123,A,hydrophobic,"E,G,I,L,T,Y","aromatic,charged,hydrophobic,polar",same_class
16,len70_distributed_noise0,distributed,120,A,hydrophobic,E,charged,novel
16,len70_distributed_noise0,distributed,122,A,hydrophobic,"I,K,N,Y","aromatic,charged,hydrophobic,polar",same_class
18,len100_clusterA_noise05,clusterA,120,L,hydrophobic,E,charged,novel
18,len100_clusterA_noise05,clusterA,120,A,hydrophobic,E,charged,novel
18,len100_clusterA_noise05,clusterA,120,L,hydrophobic,E,charged,novel
18,len100_clusterA_noise05,clusterA,120,D,charged,E,charged,same_class
19,len100_clusterA_noise05,clusterA,122,N,polar,"I,K,N,Y","aromatic,charged,hydrophobic,polar",exact_match
19,len100_clusterA_noise05,clusterA,122,I,hydrophobic,"I,K,N,Y","aromatic,charged,hydrophobic,polar",exact_match
19,len100_clusterA_noise05,clusterA,120,G,hydrophobic,E,charged,novel
19,len100_clusterA_noise05,clusterA,120,A,hydrophobic,E,charged,novel
19,len100_clusterA_noise05,clusterA,120,V,hydrophobic,E,charged,novel
19,len100_clusterA_noise05,clusterA,120,T,polar,E,charged,novel
20,len100_clusterA_noise0,clusterA,120,K,charged,E,charged,same_class
20,len100_clusterA_noise0,clusterA,120,S,polar,E,charged,novel
20,len100_clusterA_noise0,clusterA,120,A,hydrophobic,E,charged,novel
21,len100_clusterB_noise05,clusterB,56,V,hydrophobic,"A,I,Q","hydrophobic,polar",same_class
22,len100_clusterA_noise0,clusterA,122,F,aromatic,"I,K,N,Y","aromatic,charged,hydrophobic,polar",same_class
22,len100_clusterA_noise0,clusterA,120,G,hydrophobic,E,charged,novel
23,len70_clusterA_noise05,clusterA,122,A,hydrophobic,"I,K,N,Y","aromatic,charged,hydrophobic,polar",same_class
23,len70_clusterA_noise05,clusterA,120,T,polar,E,charged,novel
23,len70_clusterA_noise05,clusterA,120,A,hydrophobic,E,charged,novel
23,len70_clusterA_noise05,clusterA,120,I,hydrophobic,E,charged,novel
24,len50_distributed_noise0,distributed,120,A,hydrophobic,E,charged,novel
25,len70_clusterA_noise0,clusterA,120,Q,polar,E,charged,novel
25,len70_clusterA_noise0,clusterA,120,A,hydrophobic,E,charged,novel
26,len70_distributed_noise05,distributed,120,R,charged,E,charged,same_class
26,len70_distributed_noise05,distributed,120,I,hydrophobic,E,charged,novel
26,len70_distributed_noise05,distributed,122,K,charged,"I,K,N,Y","aromatic,charged,hydrophobic,polar",exact_match
28,len50_clusterA_noise05,clusterA,120,Y,aromatic,E,charged,novel
28,len50_clusterA_noise05,clusterA,122,Y,aromatic,"I,K,N,Y","aromatic,charged,hydrophobic,polar",exact_match
28,len50_clusterA_noise05,clusterA,122,L,hydrophobic,"I,K,N,Y","aromatic,charged,hydrophobic,polar",same_class
28,len50_clusterA_noise05,clusterA,122,K,charged,"I,K,N,Y","aromatic,charged,hydrophobic,polar",exact_match
29,len100_distributed_noise0,distributed,120,A,hydrophobic,E,charged,novel
29,len100_distributed_noise0,distributed,120,A,hydrophobic,E,charged,novel
29,len100_distributed_noise0,distributed,120,R,charged,E,charged,same_class
29,len100_distributed_noise0,distributed,122,G,hydrophobic,"I,K,N,Y","aromatic,charged,hydrophobic,polar",same_class
29,len100_distributed_noise0,distributed,122,I,hydrophobic,"I,K,N,Y","aromatic,charged,hydrophobic,polar",exact_match
30,len70_clusterB_noise05,clusterB,123,C,polar,"E,G,I,L,T,Y","aromatic,charged,hydrophobic,polar",same_class
31,len70_clusterA_noise0,clusterA,120,S,polar,E,charged,novel
31,len70_clusterA_noise0,clusterA,120,G,hydrophobic,E,charged,novel
31,len70_clusterA_noise0,clusterA,120,A,hydrophobic,E,charged,novel
31,len70_clusterA_noise0,clusterA,120,A,hydrophobic,E,charged,novel
31,len70_clusterA_noise0,clusterA,122,L,hydrophobic,"I,K,N,Y","aromatic,charged,hydrophobic,polar",same_class
