backbone,design_id,binder_sequence,mpnn_score,seq_recovery
il7ra_design_2,il7ra_design_2_seq_6,EEIEELEEGAKRAKKGAEEAEKKGEELSKKLEEEGKEELAKGVKESLEALAEDLKKKAEELEKKAKELK,0.8728,0.0725
il7ra_design_2,il7ra_design_2_seq_2,EKIKELKEGAKKAEEGAKEAEAKGKELSAKYLAEGKEELAKGVKESLDALAEDLKKKAEELKKKAEELE,0.8735,0.0725
il7ra_design_2,il7ra_design_2_seq_1,KEVEELKEGAKKAEEAAKKAEEEGEKLSKKAEEEGKLELAKGIKESLKALAEELKKMSEELKKKAEELE,0.8847,0.058
il7ra_design_2,il7ra_design_2_seq_3,KKIEELKEGAKKAKKAAEEAKKKGEELSKKLEEEGKLELAKGVKESLEALAEDLEKMSKELEEKAKKLE,0.8971,0.058
il7ra_design_2,il7ra_design_2_seq_7,KKVEELKEGAKKAKEGAKEAKKEGEELSKKLEEEGKLELAEGVKESLDALAEELEKMAEELEKKAKELE,0.8977,0.0725
il7ra_design_2,il7ra_design_2_seq_4,KEVEELEKGAEEAKKAAKEAKEKGKELSEKLKAEGKEELAKGVEESLKALAEDLEKMSEELKKKAEELK,0.9063,0.058
il7ra_design_2,il7ra_design_2_seq_8,SEVEQLLKGAEEAKKGAEEAKKKGKELSEKALKEGKEELAKGIKESLDALAEDLEKMSKELEEKAKELK,0.9181,0.0725
il7ra_design_2,il7ra_design_2_seq_5,EKVKELKEGAERARKAAKEAEKKGKELSEKLEKEGKKELAEGVKESLDALKEDLLKKSEELEKKAKELE,0.9257,0.058
il7ra_design_1,il7ra_design_1_seq_14,KEEEIKKLEEKAKEYKEKARELLKKAKELKKEGKEEEAKKAEEKAAEYMKKAIEYDEKAEELKK,0.9353,0.0156
il7ra_design_1,il7ra_design_1_seq_10,KEKKAEELKKKADEYKEKARELLEKSKELKKEGKEEEAKKYEEEAAKYMKKAIEYDEEAEKLEK,0.9782,0.0156
il7ra_design_0,il7ra_design_0_seq_23,KAEELKKKAEELKKKAEELLKKAKEYFKEGNAEEAGVYSKKAREYLEEAKKAEKEAEKKKKEEEEKK,0.9843,0.0299
il7ra_design_0,il7ra_design_0_seq_24,AAAALKAEAEKLEAKAKELLEKAKEYFKKGNAGEAGVYSKKAEEYKKKAEEAKAKAEAAKAAEAAAA,0.99,0.0448
il7ra_design_0,il7ra_design_0_seq_20,EAEKLEKKAEELKKKYEEALKKGKEYIKEGKAEEAAVEFKKAEELKKEAEKAKEEAEKAKKEKEEKE,0.9963,0.0299
il7ra_design_1,il7ra_design_1_seq_17,KEEEIKKAEEKAKEYAEKARELLEKAKKAEEEGKKEEAEKLKKEAEEYSKKAIEYEEKAEKLKK,0.9964,0.0156
il7ra_design_1,il7ra_design_1_seq_11,KEKEIKEAKEKAKEYKEKARELLKEAKELKKEGKEEEAEKKLKEAKEYSEKAIEYDELAEKLEK,0.9992,0.0156
il7ra_design_0,il7ra_design_0_seq_25,KTEELEKKAKEAEKKAEELLEKAKKYFKEGNAEEAGVYSLEARKAKEKAEELKAKAEAAKKEEEEKK,1.0123,0.0299
il7ra_design_0,il7ra_design_0_seq_19,EAEELKKKAEEAKKEAEELLKEAKEYFKKGDAGEAGVKAKEAEKKKKEYEELKKKAEEKEKELKEKA,1.0138,0.0448
il7ra_design_1,il7ra_design_1_seq_13,KEEEIKKALEEAKKYAEKARELLKKAKELEKEGKKEEAEKYLKEAAEYSKKAIEYYEKAEELKK,1.016,0.0156
il7ra_design_1,il7ra_design_1_seq_12,KEEEIKKLKEEADEYKEKARELLEKAKELKKEGKEEEAKEYLEKAAEYSKKAIEADEKAEELEK,1.0181,0.0156
il7ra_design_1,il7ra_design_1_seq_16,KEEEAKKLKEEADKYKEKARELLKKAKEALKEGKEEEAKKLLEEAKEYNKKAIEYDEKAEELEK,1.0197,0.0156
il7ra_design_1,il7ra_design_1_seq_15,KEKEIEELEKKADEYAEKARELLKKAKELLKAGKKEEAEKYLEKAKEYSKKSIEYEEKAEKLKS,1.0398,0.0156
il7ra_design_0,il7ra_design_0_seq_26,EAEELKKKAEELKAKAEKLLALAKEYLKKGDAENAAVYYKKAKEYLEEYEKAKKEAEEKKEKEEKEK,1.0452,0.0149
il7ra_design_0,il7ra_design_0_seq_22,KVEELKKKAEELAKEAEKLLEEAKEYFKKGDAGEAAVKAKEAEEKRKKAEEAKKKAEEAKAAAEAAA,1.058,0.0299
il7ra_design_0,il7ra_design_0_seq_21,DAAALEKKAEELKAKADELLEKSKEYFKEGKAGEAAVYAREARKALKEAEKAKAEAEKAKAAALAAA,1.0971,0.0299
il7ra_design_0,il7ra_design_0_seq_18,GGGGGGGGGGGGGGGGGGGGGGGGGGGGGGGGGGGGGGGGGGGGGGGGGGGGGGGGGGGGGGGGGGG,2.7752,
il7ra_design_2,il7ra_design_2_seq_0,GGGGGGGGGGGGGGGGGGGGGGGGGGGGGGGGGGGGGGGGGGGGGGGGGGGGGGGGGGGGGGGGGGGGG,3.0146,
il7ra_design_1,il7ra_design_1_seq_9,GGGGGGGGGGGGGGGGGGGGGGGGGGGGGGGGGGGGGGGGGGGGGGGGGGGGGGGGGGGGGGGG,3.0643,
