rank,condition_id,seq_id,backbone,length,hotspot_config,noise,pdb_file,pdb_relpath,structure_type,complex_geometry_pdb_file,complex_geometry_structure_type,source_predicted_pdb,source_designed_pdb,mean_plddt,rmsd,mpnn_score,global_score,binder_sequence,binder_length
1,len70_clusterA_noise05,design_19_0_rank0,design_19_0,70,clusterA,0.5,01_len70_clusterA_noise05__design_19_0__design_19_0_rank0__esmfold_binder.pdb,portfolio_page3-viewer_structures/passed_31/01_len70_clusterA_noise05__design_19_0__design_19_0_rank0__esmfold_binder.pdb,esmfold_binder_only_designed_sequence,,,/content/drive/Othercomputers/My Mac/pdl1-mini-binder-design/data/results/param_sensitivity/len70_clusterA_noise05/esmfold_predictions/design_19_0_rank0.pdb,/content/drive/Othercomputers/My Mac/pdl1-mini-binder-design/data/results/param_sensitivity/len70_clusterA_noise05/rfdiffusion_outputs/design_19_0.pdb,94.56,0.24,0.921,1.3906,EAALRAQLLAARAAAQALAAELAALRAAAAAEKDPARKAALAAEAAAVAAQRDAVAAQAAALQAQIDALA,70
2,len70_distributed_noise0,design_17_0_rank1,design_17_0,70,distributed,0.0,02_len70_distributed_noise0__design_17_0__design_17_0_rank1__esmfold_binder.pdb,portfolio_page3-viewer_structures/passed_31/02_len70_distributed_noise0__design_17_0__design_17_0_rank1__esmfold_binder.pdb,esmfold_binder_only_designed_sequence,,,/content/drive/Othercomputers/My Mac/pdl1-mini-binder-design/data/results/param_sensitivity/len70_distributed_noise0/esmfold_predictions/design_17_0_rank1.pdb,/content/drive/Othercomputers/My Mac/pdl1-mini-binder-design/data/results/param_sensitivity/len70_distributed_noise0/rfdiffusion_outputs/design_17_0.pdb,94.33,0.33,1.0287,1.4412,AACAALRAAAAATAAAAAAAVAAEAAEAAAECAADPAKCATYQAMAARLAANADRAVAVVAAQTAAACAA,70
3,len25_clusterA_noise0,design_11_0_rank1,design_11_0,25,clusterA,0.0,03_len25_clusterA_noise0__design_11_0__design_11_0_rank1__esmfold_binder.pdb,portfolio_page3-viewer_structures/passed_31/03_len25_clusterA_noise0__design_11_0__design_11_0_rank1__esmfold_binder.pdb,esmfold_binder_only_designed_sequence,,,/content/drive/Othercomputers/My Mac/pdl1-mini-binder-design/data/results/param_sensitivity/len25_clusterA_noise0/esmfold_predictions/design_11_0_rank1.pdb,/content/drive/Othercomputers/My Mac/pdl1-mini-binder-design/data/results/param_sensitivity/len25_clusterA_noise0/rfdiffusion_outputs/design_11_0.pdb,94.83,0.41,1.3189,1.6236,SKATSEALEALARAAGAAAAAAAAA,25
4,len70_clusterB_noise0,design_19_0_rank1,design_19_0,70,clusterB,0.0,04_len70_clusterB_noise0__design_19_0__design_19_0_rank1__esmfold_binder.pdb,portfolio_page3-viewer_structures/passed_31/04_len70_clusterB_noise0__design_19_0__design_19_0_rank1__esmfold_binder.pdb,esmfold_binder_only_designed_sequence,,,/content/drive/Othercomputers/My Mac/pdl1-mini-binder-design/data/results/param_sensitivity/len70_clusterB_noise0/esmfold_predictions/design_19_0_rank1.pdb,/content/drive/Othercomputers/My Mac/pdl1-mini-binder-design/data/results/param_sensitivity/len70_clusterB_noise0/rfdiffusion_outputs/design_19_0.pdb,93.97,0.44,1.165,1.485,AEEAAATTAQCVAIGQQAFQQMRAISKAAVAAAKASKSAEEAKAILEKADAEIKAIAAQASAQIAALRAA,70
5,len70_clusterA_noise0,design_3_0_rank7,design_3_0,70,clusterA,0.0,05_len70_clusterA_noise0__design_3_0__design_3_0_rank7__esmfold_binder.pdb,portfolio_page3-viewer_structures/passed_31/05_len70_clusterA_noise0__design_3_0__design_3_0_rank7__esmfold_binder.pdb,esmfold_binder_only_designed_sequence,,,/content/drive/Othercomputers/My Mac/pdl1-mini-binder-design/data/results/param_sensitivity/len70_clusterA_noise0/esmfold_predictions/design_3_0_rank7.pdb,/content/drive/Othercomputers/My Mac/pdl1-mini-binder-design/data/results/param_sensitivity/len70_clusterA_noise0/rfdiffusion_outputs/design_3_0.pdb,96.5,0.45,0.9934,1.4136,EERELDLAAARALANAAAVLAADPALAAAAAELAAAAAAFAEGAANPATAAADRAAGVAAVAAACALASA,70
6,len70_distributed_noise0,design_5_0_rank2,design_5_0,70,distributed,0.0,06_len70_distributed_noise0__design_5_0__design_5_0_rank2__esmfold_binder.pdb,portfolio_page3-viewer_structures/passed_31/06_len70_distributed_noise0__design_5_0__design_5_0_rank2__esmfold_binder.pdb,esmfold_binder_only_designed_sequence,,,/content/drive/Othercomputers/My Mac/pdl1-mini-binder-design/data/results/param_sensitivity/len70_distributed_noise0/esmfold_predictions/design_5_0_rank2.pdb,/content/drive/Othercomputers/My Mac/pdl1-mini-binder-design/data/results/param_sensitivity/len70_distributed_noise0/rfdiffusion_outputs/design_5_0.pdb,94.18,0.46,1.0568,1.4801,MTPKEKLLKLAEAYKAAAKALAAKEAEFEAKAAAATPEEAAKLKATAAAAKAARDKAEAEAAEAEAKAKA,70
7,len70_clusterB_noise0,design_17_0_rank0,design_17_0,70,clusterB,0.0,07_len70_clusterB_noise0__design_17_0__design_17_0_rank0__esmfold_binder.pdb,portfolio_page3-viewer_structures/passed_31/07_len70_clusterB_noise0__design_17_0__design_17_0_rank0__esmfold_binder.pdb,esmfold_binder_only_designed_sequence,,,/content/drive/Othercomputers/My Mac/pdl1-mini-binder-design/data/results/param_sensitivity/len70_clusterB_noise0/esmfold_predictions/design_17_0_rank0.pdb,/content/drive/Othercomputers/My Mac/pdl1-mini-binder-design/data/results/param_sensitivity/len70_clusterB_noise0/rfdiffusion_outputs/design_17_0.pdb,93.55,0.47,1.1132,1.4779,SPAALRAATAAQTSALFQEIAKAFGEAERLLKEDPEAGEKALKEAEALAAAKAAAAAAAVAATAAAIAAA,70
8,len100_clusterA_noise0,design_16_0_rank6,design_16_0,100,clusterA,0.0,08_len100_clusterA_noise0__design_16_0__design_16_0_rank6__esmfold_binder.pdb,portfolio_page3-viewer_structures/passed_31/08_len100_clusterA_noise0__design_16_0__design_16_0_rank6__esmfold_binder.pdb,esmfold_binder_only_designed_sequence,,,/content/drive/Othercomputers/My Mac/pdl1-mini-binder-design/data/results/param_sensitivity/len100_clusterA_noise0/esmfold_predictions/design_16_0_rank6.pdb,/content/drive/Othercomputers/My Mac/pdl1-mini-binder-design/data/results/param_sensitivity/len100_clusterA_noise0/rfdiffusion_outputs/design_16_0.pdb,92.33,0.52,0.9212,1.3337,GLEKSIAALEEAAAAAAAAAAAAFAAAPEVRARVEAALAAARAAAAEDEEAAVARAQELAAWCRALGAEDPALAEGATAAIGAASALGAAALLRKLLKES,100
9,len100_distributed_noise0,design_5_0_rank0,design_5_0,100,distributed,0.0,09_len100_distributed_noise0__design_5_0__design_5_0_rank0__esmfold_binder.pdb,portfolio_page3-viewer_structures/passed_31/09_len100_distributed_noise0__design_5_0__design_5_0_rank0__esmfold_binder.pdb,esmfold_binder_only_designed_sequence,,,/content/drive/Othercomputers/My Mac/pdl1-mini-binder-design/data/results/param_sensitivity/len100_distributed_noise0/esmfold_predictions/design_5_0_rank0.pdb,/content/drive/Othercomputers/My Mac/pdl1-mini-binder-design/data/results/param_sensitivity/len100_distributed_noise0/rfdiffusion_outputs/design_5_0.pdb,92.08,0.53,0.8254,1.2707,SAEARELARRAAREVERIAEETAEKLKKLNEEAAEEARSLARGVRLLAEAGASVETLRALVRSGYDLAEEIAKKESEEAAKVVEEARRRAEEVLRRAAEE,100
10,len70_clusterA_noise0,design_16_0_rank5,design_16_0,70,clusterA,0.0,10_len70_clusterA_noise0__design_16_0__design_16_0_rank5__esmfold_binder.pdb,portfolio_page3-viewer_structures/passed_31/10_len70_clusterA_noise0__design_16_0__design_16_0_rank5__esmfold_binder.pdb,esmfold_binder_only_designed_sequence,,,/content/drive/Othercomputers/My Mac/pdl1-mini-binder-design/data/results/param_sensitivity/len70_clusterA_noise0/esmfold_predictions/design_16_0_rank5.pdb,/content/drive/Othercomputers/My Mac/pdl1-mini-binder-design/data/results/param_sensitivity/len70_clusterA_noise0/rfdiffusion_outputs/design_16_0.pdb,95.07,0.55,0.947,1.4019,SAATRAAAQAAAAALAAAAAAAAAAAAAAENAAAAAAGTLTPAAAAAINAAAAAAAAKTKAALDAMIADS,70
11,len25_clusterA_noise0,design_15_0_rank0,design_15_0,25,clusterA,0.0,11_len25_clusterA_noise0__design_15_0__design_15_0_rank0__esmfold_binder.pdb,portfolio_page3-viewer_structures/passed_31/11_len25_clusterA_noise0__design_15_0__design_15_0_rank0__esmfold_binder.pdb,esmfold_binder_only_designed_sequence,,,/content/drive/Othercomputers/My Mac/pdl1-mini-binder-design/data/results/param_sensitivity/len25_clusterA_noise0/esmfold_predictions/design_15_0_rank0.pdb,/content/drive/Othercomputers/My Mac/pdl1-mini-binder-design/data/results/param_sensitivity/len25_clusterA_noise0/rfdiffusion_outputs/design_15_0.pdb,96.85,0.56,1.0678,1.5534,SARLDALRAAAAAAAAAAAAAAAAA,25
12,len100_clusterA_noise0,design_13_0_rank4,design_13_0,100,clusterA,0.0,12_len100_clusterA_noise0__design_13_0__design_13_0_rank4__esmfold_binder.pdb,portfolio_page3-viewer_structures/passed_31/12_len100_clusterA_noise0__design_13_0__design_13_0_rank4__esmfold_binder.pdb,esmfold_binder_only_designed_sequence,,,/content/drive/Othercomputers/My Mac/pdl1-mini-binder-design/data/results/param_sensitivity/len100_clusterA_noise0/esmfold_predictions/design_13_0_rank4.pdb,/content/drive/Othercomputers/My Mac/pdl1-mini-binder-design/data/results/param_sensitivity/len100_clusterA_noise0/rfdiffusion_outputs/design_13_0.pdb,96.04,0.57,0.8796,1.2956,EEAKNRAQGIKLVIQANGAAAAAAAAAAAAAAAAAAGDLAAAAAALAAAKAHLAAATAALAEAKAKAPELKELIDAAAAAVAAAAAAVAAAEAALAAAAA,100
13,len100_distributed_noise0,design_18_0_rank1,design_18_0,100,distributed,0.0,13_len100_distributed_noise0__design_18_0__design_18_0_rank1__esmfold_binder.pdb,portfolio_page3-viewer_structures/passed_31/13_len100_distributed_noise0__design_18_0__design_18_0_rank1__esmfold_binder.pdb,esmfold_binder_only_designed_sequence,,,/content/drive/Othercomputers/My Mac/pdl1-mini-binder-design/data/results/param_sensitivity/len100_distributed_noise0/esmfold_predictions/design_18_0_rank1.pdb,/content/drive/Othercomputers/My Mac/pdl1-mini-binder-design/data/results/param_sensitivity/len100_distributed_noise0/rfdiffusion_outputs/design_18_0.pdb,92.88,0.58,0.87,1.3197,EEKAARYRELAEAFRTIARAAAGLAEASATLDDATVKAAVGDLAAGGAAAAARYDPERAPEVAARLAAAAAAGAAADGAAAAAALAALAAELAAEAEAAA,100
14,len100_clusterB_noise05,design_0_0_rank1,design_0_0,100,clusterB,0.5,14_len100_clusterB_noise05__design_0_0__design_0_0_rank1__esmfold_binder.pdb,portfolio_page3-viewer_structures/passed_31/14_len100_clusterB_noise05__design_0_0__design_0_0_rank1__esmfold_binder.pdb,esmfold_binder_only_designed_sequence,,,/content/drive/Othercomputers/My Mac/pdl1-mini-binder-design/data/results/param_sensitivity/len100_clusterB_noise05/esmfold_predictions/design_0_0_rank1.pdb,/content/drive/Othercomputers/My Mac/pdl1-mini-binder-design/data/results/param_sensitivity/len100_clusterB_noise05/rfdiffusion_outputs/design_0_0.pdb,92.43,0.61,1.113,1.4441,MEEEEEKEREEREEEIKKLLEKAKEKEKEMEKKYKEAKEDPSTIEEKRKEIERLASEALRLLSKAEELAEDEETKEEIEKYAEELAKKVNEILTELDKMK,100
15,len70_clusterB_noise0,design_15_0_rank2,design_15_0,70,clusterB,0.0,15_len70_clusterB_noise0__design_15_0__design_15_0_rank2__esmfold_binder.pdb,portfolio_page3-viewer_structures/passed_31/15_len70_clusterB_noise0__design_15_0__design_15_0_rank2__esmfold_binder.pdb,esmfold_binder_only_designed_sequence,,,/content/drive/Othercomputers/My Mac/pdl1-mini-binder-design/data/results/param_sensitivity/len70_clusterB_noise0/esmfold_predictions/design_15_0_rank2.pdb,/content/drive/Othercomputers/My Mac/pdl1-mini-binder-design/data/results/param_sensitivity/len70_clusterB_noise0/rfdiffusion_outputs/design_15_0.pdb,91.89,0.64,1.2448,1.5173,SLLEALAAELARQEALERTDAIAKEEAAKVAAAIAELAAKEAAGEVTPEEARAAAAAASAEAAAKVREAA,70
16,len70_distributed_noise0,design_10_0_rank3,design_10_0,70,distributed,0.0,16_len70_distributed_noise0__design_10_0__design_10_0_rank3__esmfold_binder.pdb,portfolio_page3-viewer_structures/passed_31/16_len70_distributed_noise0__design_10_0__design_10_0_rank3__esmfold_binder.pdb,esmfold_binder_only_designed_sequence,,,/content/drive/Othercomputers/My Mac/pdl1-mini-binder-design/data/results/param_sensitivity/len70_distributed_noise0/esmfold_predictions/design_10_0_rank3.pdb,/content/drive/Othercomputers/My Mac/pdl1-mini-binder-design/data/results/param_sensitivity/len70_distributed_noise0/rfdiffusion_outputs/design_10_0.pdb,94.02,0.67,1.0685,1.4863,MTVEEKIAAAKKAAANMKAAVDKQAAIQKALAAKQPDAAALKAAIDAARAKALAAIDEMEKERIAEIKAE,70
17,len50_clusterB_noise0,design_19_0_rank0,design_19_0,50,clusterB,0.0,17_len50_clusterB_noise0__design_19_0__design_19_0_rank0__esmfold_binder.pdb,portfolio_page3-viewer_structures/passed_31/17_len50_clusterB_noise0__design_19_0__design_19_0_rank0__esmfold_binder.pdb,esmfold_binder_only_designed_sequence,,,/content/drive/Othercomputers/My Mac/pdl1-mini-binder-design/data/results/param_sensitivity/len50_clusterB_noise0/esmfold_predictions/design_19_0_rank0.pdb,/content/drive/Othercomputers/My Mac/pdl1-mini-binder-design/data/results/param_sensitivity/len50_clusterB_noise0/rfdiffusion_outputs/design_19_0.pdb,94.74,0.7,1.0748,1.5013,SAAAEAKAEQDAAIAALNAAAAAAAAAGDTAAAANARAGAAVLAKARAEA,50
18,len100_clusterA_noise05,design_14_0_rank3,design_14_0,100,clusterA,0.5,18_len100_clusterA_noise05__design_14_0__design_14_0_rank3__esmfold_binder.pdb,portfolio_page3-viewer_structures/passed_31/18_len100_clusterA_noise05__design_14_0__design_14_0_rank3__esmfold_binder.pdb,esmfold_binder_only_designed_sequence,,,/content/drive/Othercomputers/My Mac/pdl1-mini-binder-design/data/results/param_sensitivity/len100_clusterA_noise05/esmfold_predictions/design_14_0_rank3.pdb,/content/drive/Othercomputers/My Mac/pdl1-mini-binder-design/data/results/param_sensitivity/len100_clusterA_noise05/rfdiffusion_outputs/design_14_0.pdb,94.01,0.71,1.0563,1.3793,SEEEKARTLALREFLRALADEKKAVEADFAAAAAAAATPAAIQAAADAALARLAAAAARAKALAAESTPELAVTYDALAADVEADAAAIRAAAAARIAAL,100
19,len100_clusterA_noise05,design_3_0_rank2,design_3_0,100,clusterA,0.5,19_len100_clusterA_noise05__design_3_0__design_3_0_rank2__esmfold_binder.pdb,portfolio_page3-viewer_structures/passed_31/19_len100_clusterA_noise05__design_3_0__design_3_0_rank2__esmfold_binder.pdb,esmfold_binder_only_designed_sequence,,,/content/drive/Othercomputers/My Mac/pdl1-mini-binder-design/data/results/param_sensitivity/len100_clusterA_noise05/esmfold_predictions/design_3_0_rank2.pdb,/content/drive/Othercomputers/My Mac/pdl1-mini-binder-design/data/results/param_sensitivity/len100_clusterA_noise05/rfdiffusion_outputs/design_3_0.pdb,94.26,0.76,0.944,1.3299,GNLEEIIKELIKEAEELKKELTAELKKIDEKKAKEAEAKLEEIIKLLKKGTKEALKEAAKKAEELEKWVTKLAKETGSKELEELAKRIRRLRNKLLGAVT,100
20,len100_clusterA_noise0,design_10_0_rank3,design_10_0,100,clusterA,0.0,20_len100_clusterA_noise0__design_10_0__design_10_0_rank3__esmfold_binder.pdb,portfolio_page3-viewer_structures/passed_31/20_len100_clusterA_noise0__design_10_0__design_10_0_rank3__esmfold_binder.pdb,esmfold_binder_only_designed_sequence,,,/content/drive/Othercomputers/My Mac/pdl1-mini-binder-design/data/results/param_sensitivity/len100_clusterA_noise0/esmfold_predictions/design_10_0_rank3.pdb,/content/drive/Othercomputers/My Mac/pdl1-mini-binder-design/data/results/param_sensitivity/len100_clusterA_noise0/rfdiffusion_outputs/design_10_0.pdb,95.8,0.78,0.8725,1.3056,AEAAAAAAAAAKKAAAIAAAKAALDAAAAAGIAAVKASGTQAALDAALAAIDAAAAAAKAAAAATFSPELAAEIAGAIDKAASAAKAAVRAAGAATAAAA,100
21,len100_clusterB_noise05,design_13_0_rank0,design_13_0,100,clusterB,0.5,21_len100_clusterB_noise05__design_13_0__design_13_0_rank0__esmfold_binder.pdb,portfolio_page3-viewer_structures/passed_31/21_len100_clusterB_noise05__design_13_0__design_13_0_rank0__esmfold_binder.pdb,esmfold_binder_only_designed_sequence,,,/content/drive/Othercomputers/My Mac/pdl1-mini-binder-design/data/results/param_sensitivity/len100_clusterB_noise05/esmfold_predictions/design_13_0_rank0.pdb,/content/drive/Othercomputers/My Mac/pdl1-mini-binder-design/data/results/param_sensitivity/len100_clusterB_noise05/rfdiffusion_outputs/design_13_0.pdb,86.85,0.79,1.0386,1.37,MEAEALALAREELAAATTPAELPAAVRRFFARVVVRYGGSFEEAAALAAAALRRLAAELPWRDALLAAIAAVEAEVAAAKAEEEEIKRKEEEEKRLKELE,100
22,len100_clusterA_noise0,design_9_0_rank8,design_9_0,100,clusterA,0.0,22_len100_clusterA_noise0__design_9_0__design_9_0_rank8__esmfold_binder.pdb,portfolio_page3-viewer_structures/passed_31/22_len100_clusterA_noise0__design_9_0__design_9_0_rank8__esmfold_binder.pdb,esmfold_binder_only_designed_sequence,,,/content/drive/Othercomputers/My Mac/pdl1-mini-binder-design/data/results/param_sensitivity/len100_clusterA_noise0/esmfold_predictions/design_9_0_rank8.pdb,/content/drive/Othercomputers/My Mac/pdl1-mini-binder-design/data/results/param_sensitivity/len100_clusterA_noise0/rfdiffusion_outputs/design_9_0.pdb,93.2,0.8,1.0011,1.367,SAATRAAADAALAAALRTESRLERVGREAARVVGPEFAAELAAALAALDAQFKAAGAALAADAAAGLAAAKALLAAAEAQLAAFQARLAAARAAAAAAAA,100
23,len70_clusterA_noise05,design_13_0_rank1,design_13_0,70,clusterA,0.5,23_len70_clusterA_noise05__design_13_0__design_13_0_rank1__esmfold_binder.pdb,portfolio_page3-viewer_structures/passed_31/23_len70_clusterA_noise05__design_13_0__design_13_0_rank1__esmfold_binder.pdb,esmfold_binder_only_designed_sequence,,,/content/drive/Othercomputers/My Mac/pdl1-mini-binder-design/data/results/param_sensitivity/len70_clusterA_noise05/esmfold_predictions/design_13_0_rank1.pdb,/content/drive/Othercomputers/My Mac/pdl1-mini-binder-design/data/results/param_sensitivity/len70_clusterA_noise05/rfdiffusion_outputs/design_13_0.pdb,91.4,0.83,1.1224,1.4605,AAERAALEARLAALEEQLANQAEAEAKLRELYEEKGVISPELYAATMAAIAANRAELEAERARLREELAA,70
24,len50_distributed_noise0,design_4_0_rank0,design_4_0,50,distributed,0.0,24_len50_distributed_noise0__design_4_0__design_4_0_rank0__esmfold_binder.pdb,portfolio_page3-viewer_structures/passed_31/24_len50_distributed_noise0__design_4_0__design_4_0_rank0__esmfold_binder.pdb,esmfold_binder_only_designed_sequence,,,/content/drive/Othercomputers/My Mac/pdl1-mini-binder-design/data/results/param_sensitivity/len50_distributed_noise0/esmfold_predictions/design_4_0_rank0.pdb,/content/drive/Othercomputers/My Mac/pdl1-mini-binder-design/data/results/param_sensitivity/len50_distributed_noise0/rfdiffusion_outputs/design_4_0.pdb,95.67,0.84,1.0023,1.487,AAALAAAAAAAAAAGAQAAALAAAGAAAAEINAAVAQALALAKQADALAA,50
25,len70_clusterA_noise0,design_7_0_rank6,design_7_0,70,clusterA,0.0,25_len70_clusterA_noise0__design_7_0__design_7_0_rank6__esmfold_binder.pdb,portfolio_page3-viewer_structures/passed_31/25_len70_clusterA_noise0__design_7_0__design_7_0_rank6__esmfold_binder.pdb,esmfold_binder_only_designed_sequence,,,/content/drive/Othercomputers/My Mac/pdl1-mini-binder-design/data/results/param_sensitivity/len70_clusterA_noise0/esmfold_predictions/design_7_0_rank6.pdb,/content/drive/Othercomputers/My Mac/pdl1-mini-binder-design/data/results/param_sensitivity/len70_clusterA_noise0/rfdiffusion_outputs/design_7_0.pdb,95.43,0.88,0.9825,1.4012,SQAAGQALFKAQIANQAAAAYNAKAAALNAQAAADPAKAAELAAQAAAANAKAAAANAKAAELTAAAAAA,70
26,len70_distributed_noise05,design_14_0_rank0,design_14_0,70,distributed,0.5,26_len70_distributed_noise05__design_14_0__design_14_0_rank0__esmfold_binder.pdb,portfolio_page3-viewer_structures/passed_31/26_len70_distributed_noise05__design_14_0__design_14_0_rank0__esmfold_binder.pdb,esmfold_binder_only_designed_sequence,,,/content/drive/Othercomputers/My Mac/pdl1-mini-binder-design/data/results/param_sensitivity/len70_distributed_noise05/esmfold_predictions/design_14_0_rank0.pdb,/content/drive/Othercomputers/My Mac/pdl1-mini-binder-design/data/results/param_sensitivity/len70_distributed_noise05/rfdiffusion_outputs/design_14_0.pdb,82.71,0.94,1.2779,1.5324,MEELEADKKNAEKVLAYIAEVAAASPDKEAAAKRLAEIKAAFDAKLAADEAAAAAAAAAAEAARRAAELA,70
27,len50_clusterA_noise0,design_9_0_rank0,design_9_0,50,clusterA,0.0,27_len50_clusterA_noise0__design_9_0__design_9_0_rank0__esmfold_binder.pdb,portfolio_page3-viewer_structures/passed_31/27_len50_clusterA_noise0__design_9_0__design_9_0_rank0__esmfold_binder.pdb,esmfold_binder_only_designed_sequence,,,/content/drive/Othercomputers/My Mac/pdl1-mini-binder-design/data/results/param_sensitivity/len50_clusterA_noise0/esmfold_predictions/design_9_0_rank0.pdb,/content/drive/Othercomputers/My Mac/pdl1-mini-binder-design/data/results/param_sensitivity/len50_clusterA_noise0/rfdiffusion_outputs/design_9_0.pdb,92.29,1.01,0.9796,1.5411,MTREEGIEALRAAVEAAGAAAIAAAAADPAAAAAAEAARAAALAGLEEAA,50
28,len50_clusterA_noise05,design_0_0_rank0,design_0_0,50,clusterA,0.5,28_len50_clusterA_noise05__design_0_0__design_0_0_rank0__esmfold_binder.pdb,portfolio_page3-viewer_structures/passed_31/28_len50_clusterA_noise05__design_0_0__design_0_0_rank0__esmfold_binder.pdb,esmfold_binder_only_designed_sequence,,,/content/drive/Othercomputers/My Mac/pdl1-mini-binder-design/data/results/param_sensitivity/len50_clusterA_noise05/esmfold_predictions/design_0_0_rank0.pdb,/content/drive/Othercomputers/My Mac/pdl1-mini-binder-design/data/results/param_sensitivity/len50_clusterA_noise05/rfdiffusion_outputs/design_0_0.pdb,84.63,1.24,1.2296,1.5686,SELAALKARLTARYDQAAARVPAEKAPLVAQYRAALTAKIEAEAAAAEAA,50
29,len100_distributed_noise0,design_15_0_rank5,design_15_0,100,distributed,0.0,29_len100_distributed_noise0__design_15_0__design_15_0_rank5__esmfold_binder.pdb,portfolio_page3-viewer_structures/passed_31/29_len100_distributed_noise0__design_15_0__design_15_0_rank5__esmfold_binder.pdb,esmfold_binder_only_designed_sequence,,,/content/drive/Othercomputers/My Mac/pdl1-mini-binder-design/data/results/param_sensitivity/len100_distributed_noise0/esmfold_predictions/design_15_0_rank5.pdb,/content/drive/Othercomputers/My Mac/pdl1-mini-binder-design/data/results/param_sensitivity/len100_distributed_noise0/rfdiffusion_outputs/design_15_0.pdb,90.52,1.41,1.0186,1.4099,AAAAAQAAALAAQADDLAGQAASGALRGTLTAAEVAALAAQMAAATAAAAAADPARAAEFAAAAAARAAGLAAILAAAEAERAERAAAAAEEALRRALEE,100
30,len70_clusterB_noise05,design_17_0_rank0,design_17_0,70,clusterB,0.5,30_len70_clusterB_noise05__design_17_0__design_17_0_rank0__esmfold_binder.pdb,portfolio_page3-viewer_structures/passed_31/30_len70_clusterB_noise05__design_17_0__design_17_0_rank0__esmfold_binder.pdb,esmfold_binder_only_designed_sequence,,,/content/drive/Othercomputers/My Mac/pdl1-mini-binder-design/data/results/param_sensitivity/len70_clusterB_noise05/esmfold_predictions/design_17_0_rank0.pdb,/content/drive/Othercomputers/My Mac/pdl1-mini-binder-design/data/results/param_sensitivity/len70_clusterB_noise05/rfdiffusion_outputs/design_17_0.pdb,88.81,1.43,1.1842,1.4655,EALKKANLEMAEELAKLTEETEKVKKEAEKLKAKGNEEDKKKAEELLKEAKEKREKKIEEICKKLQEFAK,70
31,len70_clusterA_noise0,design_10_0_rank1,design_10_0,70,clusterA,0.0,31_len70_clusterA_noise0__design_10_0__design_10_0_rank1__esmfold_binder.pdb,portfolio_page3-viewer_structures/passed_31/31_len70_clusterA_noise0__design_10_0__design_10_0_rank1__esmfold_binder.pdb,esmfold_binder_only_designed_sequence,,,/content/drive/Othercomputers/My Mac/pdl1-mini-binder-design/data/results/param_sensitivity/len70_clusterA_noise0/esmfold_predictions/design_10_0_rank1.pdb,/content/drive/Othercomputers/My Mac/pdl1-mini-binder-design/data/results/param_sensitivity/len70_clusterA_noise0/rfdiffusion_outputs/design_10_0.pdb,87.49,1.46,0.8612,1.3661,GALKEAIAASADASLAAGAAAAATDAAKGAALFAGAAAAYKLTGLAASAPNLAAAEAAAAAAAAAAAAAA,70
